420956,4.5,"platform-ui-triaged","NEW","---","[Perspectives] Fix perspective customization on 4.x","major",
378644,"4.5 M6","wojciech.sudol","NEW","---","[Workbench] All but 1 window and 1 perspective lost when starting 3.x workspace with 4.2","normal",
384835,4.5,"wojciech.sudol","REOPENED","---","[Workbench] Some org.eclipse.ui.workbench fixes from 3.6 and 3.7 didn't make it into 4.2","critical",
269121,"4.5 M2","szymon.ptaszkiewicz","VERIFIED","FIXED","[Progress] WorkspaceModifyOperation run in the UI thread deadlocks with UIJob","critical",
117746,"4.4.1","pwebster","VERIFIED","FIXED","[EditorMgmt] Editors should be able to treat large files specially (e.g. deny opening huge files)","normal",
378811,"4.5 M6","wojciech.sudol","NEW","---","[Perspectives] Support separation of the Workspace and the saved UI Model (was: can't save and import perspectives)","normal",
401633,4.5,"platform-ui-triaged","NEW","---","Remove obvious performance bottlenecks","major",
428664,4.5,"platform-ui-triaged","RESOLVED","WORKSFORME","[EditorMgmt] EditorPart#isSaveOnCloseNeeded() not called when closing Editor Parts via ""Close All"" or ""Close Others""","major",
375576,4.5,"platform-ui-triaged","REOPENED","---","Controls are not fully realized when partOpened(...) , partBroughtToTop(...) and partActivated(...) are called","major",
354538,4.5,"wojciech.sudol","ASSIGNED","---","[Contributions] [Compatibility] Window menus and toolbars leaked after having been closed","major",
437353,"4.4.1","wojciech.sudol","RESOLVED","WORKSFORME","[Trim] combo box not shown in the view's toolbar","normal",
436225,"4.5 M6","platform-ui-triaged","NEW","---","[ViewMgmt] Possible memory leak on closing views","normal",
436763,"4.4.1","fabiofz","VERIFIED","FIXED","[DetachedView] Layout of console view becomes wrong after changing perspective and only becomes correct after a resize","normal",
366708,"4.5 M3","lars.vogel","VERIFIED","FIXED","[Workbench] Workbench.openWorkbenchWindow() calls createWorkbenchWindow multiple times","major",
373294,"4.5 M6","lars.vogel","NEW","---","Improve startup time","major",
427777,"4.4.1","platform-ui-triaged","VERIFIED","FIXED","[Perspectives] Can't restore minimized view after reset customized perspective","major",
432498,"4.4.2","daniel.rolka","VERIFIED","FIXED","[Trim] Fast views get created on start-up","major",
394386,"4.5 M6","wojciech.sudol","REOPENED","---","[Contributions] Open Type | Search buttons interchanged","normal",
406733,"4.4.1","platform-ui-triaged","VERIFIED","FIXED","[Trim] [Min/Max] NPE while minimizing and restoring stacks","normal",
436755,"4.4.1","pwebster","VERIFIED","FIXED","[Commands] Handler enableWhen expression not being re-evaluated when requested","normal",
118919,"4.5 M3","jeandersonbc","RESOLVED","FIXED","[Viewers] Failure in SimpleVirtualLazyTreeViewerTest.testCreation","normal",
411704,"4.5 M5","wojciech.sudol","VERIFIED","FIXED","[PropertiesView] Properties view not initialized with current selection when switching views","normal",
436236,4.5,"platform-ui-triaged","RESOLVED","WORKSFORME","[EditorMgmt] Reusing editors causes memory leak in navigation history","normal",
438324,"4.5 M2","pwebster","VERIFIED","FIXED","[IDE] Resource refresh at startup blocks initial rendering of the Eclipse UI","major",
432849,"---","platform-ui-triaged","CLOSED","DUPLICATE","[Perspectives] perspective extensions not applied to existing perspectives","normal",
340889,4.5,"platform-ui-triaged","NEW","---","[CSS] Platform color scheme does not work together with SWT color constants","major",
435274,"4.4.2","patrick.naish","RESOLVED","FIXED","[Contributions] Leak of ActionContributionItem every time New/Import context menu item is made visible","major",
436572,"4.5 M1","pwebster","VERIFIED","FIXED","[CSS] Stylesheet contribution with ""$ws$"" in the URI are resolved incorrectly","normal",
430403,"4.4.1","wojciech.sudol","VERIFIED","FIXED","[Perspectives] Views without sash to resize and complete loss of views","critical",
397029,4.5,"platform-ui-triaged","RESOLVED","WORKSFORME","[MPE] MultiPageEditorPart is leaked via perspective's EclipseContext","normal",
378672,4.5,"platform-ui-triaged","REOPENED","---","[CSS] Part tab and tool bar colors/rendering are confusing","major",
430128,4.5,"platform-ui-triaged","NEW","---","[Perspectives] Editor cannot be opened","major",
398837,4.5,"platform-ui-triaged","NEW","---","[RenderingEngine] We need to revamp the e4 life cycle handling","normal",
350251,"4.5 M4","lars.vogel","VERIFIED","FIXED","Strategy for porting useful org.eclipse.ui.* bits for Eclipse4 RCP apps","normal",
201589,4.5,"platform-ui-triaged","NEW","---","[Contributions] visibleWhen has no effect on toolbar","normal",
432399,4.5,"agrawalshiwani30","NEW","---","[Import/Export] Export feature not exporting empty folders","normal",
437207,"4.5 M1","pwebster","RESOLVED","FIXED","Forward DIEditorPart @Persist and @PersistState to wrapped component","normal","emoffatt"
445600,"4.5 M5","lars.vogel","VERIFIED","FIXED","[Help] Add setHelp method to EHelpService","normal",
429505,"4.5 M3","lars.vogel","VERIFIED","FIXED","[Progress] Refine Eclipse4 based progress view","normal",
410749,"4.2.2+","wojciech.sudol","VERIFIED","FIXED","[Workbench] Don't prompt to save on close when editor input opened elsewhere","normal",
431032,"---","lars.vogel","NEW","---","Incorrect part data for shared elements in application model for the IDE","major",
401632,4.5,"platform-ui-triaged","REOPENED","---","[WorkbenchParts] Minimized views still update in background (bad part events?)","major",
348429,"4.4.1","daniel.rolka","VERIFIED","FIXED","[Perspectives] [Compare] NPE in ContentMergeViewerLayout.layout","major",
432785,"4.5 M3","daniel.rolka","VERIFIED","FIXED","[ViewMgmt] FileNotFoundException after renaming the icon file or folder","normal",
436645,4.5,"platform-ui-triaged","NEW","---","[CommonNavigator] NavigatorContentDescriptorManager.EvaluationCache#getDescriptors does not work","normal",
424978,4.5,"sopotcela","NEW","---","[RenderingEngine] Method setToBeRendered in a menu instance throws an error","normal",
434102,4.5,"platform-ui-triaged","NEW","---","[PropertiesView] PropertySheet does not display contents for the current selection after opening an editor","normal",
392876,"4.5 M6","daniel.rolka","ASSIGNED","---","[Contributions] Editor context menu is broken when trying to add a dynamic submenu","normal",
416650,"4.5 M2","tom.schindl","VERIFIED","FIXED","CTabFolder layouts content too often / too many of them","normal",
232171,4.5,"Platform-UI-Inbox","REOPENED","---","[Decorators] DeclarativeDecorators don't seem to take a plugin URL for an icon","normal",
401327,4.5,"platform-ui-triaged","NEW","---","[MPE] AbstractMultiEditor.getInnerEditorContainer is never called","critical",
434108,4.5,"platform-ui-triaged","NEW","---","[Perspectives] Copy Worbench Layout option does not work in Eclipse 4.x","normal",
400578,4.5,"daniel.rolka","ASSIGNED","---","Removing all parts from a window via Drag n Drop causes crash","major",
435435,"4.4.1","pwebster","VERIFIED","FIXED","[QuickAccess] Hiding quick access hides it in all workbench windows on restart","normal",
431990,"4.5 M6","dirk.fauth","RESOLVED","FIXED","[Renderer] Settting the visible property to false of the MToolbar is ignore by the renderer","normal",
37478,4.5,"platform-ui-triaged","REOPENED","---","[Import/Export] Add ""Import  As Project"" option to the Import Wizard","enhancement",
421425,4.5,"platform-ui-triaged","NEW","---","[Workbench] ESelectionService doesn't work correctly if the active IEclipseContext is a child of the parts context","normal",
269271,4.5,"platform-ui-triaged","NEW","---","[Workbench] [Compatibility] URISyntaxException  when workspace loc has space","normal",
374132,4.5,"platform-ui-triaged","NEW","---","[Workbench] [Compatibility][api] IWorkbenchPage's showEditor(*) and hideEditor(*) methods are unimplemented","major",
391145,"---","Platform-UI-Inbox","NEW","---","[Compatibility] NPE with a custom editor opened using Project Explorer on first file, subsequent files are ok","major",
436863,"4.5 M6","wojciech.sudol","NEW","---","Splitting and cloning a compare editor fills the log","normal",
433809,"---","platform-ui-triaged","NEW","---","[Contributions] Reconfigure and Autotools submenu items disabled","normal",
436247,"4.4.1","cizbasa","VERIFIED","FIXED","[Themes] ""Colors and Fonts"" pref page fails with NPE when running with '-cssTheme none'","normal",
434506,4.5,"Platform-UI-Inbox","NEW","---","Events missing from startup parts creation","normal",
372523,4.5,"platform-ui-triaged","NEW","---","[Workbench] Rework Workbench startup so it doesn't use LegacyIDE.e4xmi","major",
435191,4.5,"platform-ui-triaged","NEW","---","[JFace] org.eclipse.jface.window.ToolTip flicker","minor",
389920,"---","platform-ui-triaged","RESOLVED","FIXED","perspective overlays portion of Welcome page after installing EGit","normal",
401835,4.5,"platform-ui-triaged","NEW","---","Paste, pastes text in the wrong editor","critical",
445305,4.5,"platform-ui-triaged","NEW","---","[EditorMgmt] Find/Replace in opened files dragged to new window not working","normal",
376486,"4.5 M4","lars.vogel","RESOLVED","FIXED","[Model] Eclipse 4 IDE not extendable via fragments or processors","major",
430205,"4.5 M5","simon.scholz","VERIFIED","FIXED","[CSS] Gradient background for Section is hard-coded","normal",
320901,4.5,"platform-ui-triaged","ASSIGNED","---","[CSS] White background results in lost separators (non-classic themes)","major",
372799,"4.5 M6","loskutov","ASSIGNED","---","[Workbench] [GlobalActions] ViewPart cannot adapt ISaveablePart any longer but must implement it.","normal",
380663,4.5,"platform-ui-triaged","NEW","---","Starting an old 4.2 workspace with a new build resets the perspectives","major",
366554,4.5,"platform-ui-triaged","NEW","---","[Commands] [Compatibility] failures in CommandsTestSuite","normal",
366608,4.5,"lars.vogel","REOPENED","---","[KeyBindings] [Compatibility] Failures in KeysTestSuite","normal",
325937,4.5,"Platform-UI-Inbox","REOPENED","---","[CSS] Active part/stack hard to detect in E4 Themes","major",
375744,4.5,"bsd","REOPENED","---","[Workbench] Command-Q does not ask to confirm exit","normal",
430872,4.5,"daniel.rolka","REOPENED","---","[CSS] ACTIVE_TAB_BG_END must not be used to set view background and description background","normal",
436499,"---","daniel.rolka","NEW","---","Using the OSGI event bus has significant performance issues","enhancement",
330117,4.5,"Platform-UI-Inbox","REOPENED","---","[CSS] No separation between view toolbar, view description and view content","normal",
392715,"---","platform-ui-triaged","CLOSED","DUPLICATE","Make existing 3.x components available for a pure e4 application","enhancement","emoffatt"
399659,4.5,"platform-ui-triaged","CLOSED","DUPLICATE","[KeyBindings] Updating a keybinding causes CCE","major",
410087,4.5,"platform-ui-triaged","NEW","---","[Contributions] DirectToolItem does not evaluate @CanExecute","normal",
414845,4.5,"platform-ui-triaged","NEW","---","[Model] Order within elements added by fragments is reversed if ""before:"" or ""after:"" flag is used in ""Position in List"" attribute.","major",
431894,4.5,"platform-ui-triaged","NEW","---","[DND] [ViewMgmt] Cannot drag a view to full-height right hand side","normal",
423056,4.5,"platform-ui-triaged","NEW","---","[Intro] Restore welcome hyperlink on Welcome page does not work if view is maximized","normal",
430964,4.5,"platform-ui-triaged","REOPENED","---","[EditorMgmt] Keyboard repeat rate slower when selecting text","major",
435161,4.5,"platform-ui-triaged","NEW","---","[Contributions] Wrong Visible When condition evaluation of dynamic menu","major",
414736,4.5,"platform-ui-triaged","NEW","---","[PerspectiveBar] The Perspective Bar can't disabled via property","normal",
432466,4.5,"platform-ui-triaged","NEW","---","[Trim] [MinMax] Multiple Windows with SharedEditorArea not supported","normal",
435655,4.5,"daniel.rolka","NEW","---","[CSS] Add support for reseting of the widget's properties to the system defaults via CSS","normal",
435623,4.5,"lars.vogel","RESOLVED","WORKSFORME","CSS engine should be able to load CSS files from plug-ins distributed as JAR files","normal",
434207,4.5,"platform-ui-triaged","NEW","---","[Themes] Restore Defaults button doesn't work on Appearance Preference Page","normal",
436788,4.5,"agrawalshiwani30","NEW","---","[QuickAccess] org.eclipse.swt.SWTException: Widget is disposed exception in log when exit application from Quick Access","major",
366606,4.5,"lars.vogel","REOPENED","---","[Compatibility] Failures in ContextsTestSuite","normal",
361133,"---","platform-ui-triaged","NEW","---","[Compatibility] WorkbenchWindowAdvisor.createWindowContents(Shell) not called any more","major",
371934,"4.5 M5","loskutov","CLOSED","FIXED","[Contributions] [Perspectives] [Compatibility] Extra/incorrect categories in the CPD","normal",
388476,"4.5 M6","loskutov","REOPENED","---","[EditorMgmt] Editor tab management lost ""working set"" (MRU) functionality","major",
387714,"---","platform-ui-triaged","NEW","---","[CSS] Tag changes are not propagated as CSS class","normal",
431218,"---","platform-ui-triaged","NEW","---","[DetachedView] Hoover help does not work when part is detached from workbench","normal",
405542,"4.5 M6","snjeza.peco","RESOLVED","FIXED","[Workbench] More than one workbench save job can run","normal",
376486,"4.5 M4","lars.vogel","RESOLVED","FIXED","[Model] Eclipse 4 IDE not extendable via fragments or processors","major",
412013,"---","platform-ui-triaged","REOPENED","---","Secondary Problems view (created with 4.2) doesn't have a view menu","normal",
414738,"---","platform-ui-triaged","RESOLVED","WONTFIX","[Contributions] Customize Perspective via extension point doesn't work","normal",
174689,"---","platform-ui-triaged","NEW","---","[Contributions] Commands not appearing in Customize Perspective dialog","normal",
348560,"---","platform-ui-triaged","NEW","---","RunAndTracks that always return true","normal",
434871,"---","platform-ui-triaged","NEW","---","[Commands] executeCommandInContext(*) doesn't copy over static variables correctly","normal",
336584,"---","platform-ui-triaged","NEW","---","[Contributions] CommandContributionItem#openDropDownMenu() never release menu manager for drop down menu from workbench menu service.","normal",
422720,"---","platform-ui-triaged","RESOLVED","WORKSFORME","[KeyBindings] Context based key Binding for commands not working after upgrading to eclipse 4.2.2","critical","pelder.eclipse"
432686,"4.4.2","wojciech.sudol","RESOLVED","FIXED","[Trim] show toolbar does not take effect if workspace is started with hidden toolbar","normal",
413410,"4.4.2","wojciech.sudol","RESOLVED","FIXED","[KeyBindings] Lots of Keybinding conflicts occurred on official CDT Eclipse Kepler 4.3","normal",
433789,"---","platform-ui-triaged","NEW","---","[CSS] Rethink how the RegistryCSSElementProvider gets elements","normal",
436796,"---","tom.schindl","ASSIGNED","---","Explore ways to use of generic information when doing Injection","normal",
366635,"---","lars.vogel","NEW","---","[Tests] DynamicPluginsTestSuite has failures","normal",
377448,"---","platform-ui-triaged","NEW","---","[DynamicGUI] Contributions Made Through IExtensionRegistry.addContribution May Or May Not Show Up","minor",
388510,"---","platform-ui-triaged","NEW","---","[Perspectives] Regression to 4.2: perspective commands enabled even if no perspective open ==> Exceptions","normal",
403930,4.5,"platform-ui-triaged","NEW","---","[Workbench] E4 and E3 selection services are not connected","normal",
436115,"4.5 M1","bsd","RESOLVED","FIXED","CCE:  java.lang.ClassCastException: org.eclipse.e4.ui.model.application.commands.impl.KeyBindingImpl cannot be cast to org.eclipse.e4.ui.model.application.ui.MUIElement","minor",
433519,"---","platform-ui-triaged","NEW","---","[Model] optimize findElements for handlers and others","normal",
435512,"4.5 M3","daniel.rolka","VERIFIED","FIXED","[CSS] Override the preferences customized by the user with the proper CSS values","normal",
430051,"---","daniel.rolka","NEW","---","[CSS] Regression for CTabRendering when drawing bottom tabs","normal",
413112,"---","platform-ui-triaged","NEW","---","[Commands] The parameters of ExecutionEvent are lost in HandlerServiceHandler#execute","normal",
430199,4.5,"platform-ui-triaged","NEW","---","[CSS] Form, FormHeading and inner children have paint issue","normal",
333742,"---","Platform-UI-Inbox","RESOLVED","FIXED","[Compatibility] MoDisco needs to run on Eclipse 4.x","normal",
334303,"---","Platform-UI-Inbox","RESOLVED","FIXED","[Compatibility] Web Tools Platform needs to run on Eclipse 4.x","normal",
178229,"---","platform-ui-triaged","NEW","---","[Dialogs] [EditorMgmt] Open Resource dialog should not fully create all editors","normal",
301687,"---","platform-ui-triaged","NEW","---","[Import/Export] Overwriting Files with Export feature","normal",
365592,"---","platform-ui-triaged","NEW","---","[Workbench] UI Event subscriber should use @UIEventTopic instead of EventBroker.subscribe where possible","normal",
366564,"---","platform-ui-triaged","NEW","---","[Commands] [Compatibility] command state not properly represented in Eclipse 4","normal",
393454,"---","platform-ui-triaged","NEW","---","[DND] Drag and Drop of views/parts: bad user experience","major",
402322,"---","platform-ui-triaged","NEW","---","[WorkbenchParts] Workbench window can report an active part/editor while firing page closed","major",
404231,"---","platform-ui-triaged","NEW","---","resetPerspectiveModel() does not reset the perspective","major",
408309,"---","platform-ui-triaged","NEW","---","[Perspectives] Legacy PerspectiveListeners aren't fired for perspectivePreDeactivated and perspectiveDeactivated","normal",
366600,"---","platform-ui-triaged","REOPENED","---","[Workbench] [Compatibility] the 3.x mediator services don't seem to be created","major",
260408,"---","platform-ui-triaged","NEW","---","[CSS] SWT requirements for CSS","normal",
433723,4.5,"platform-ui-triaged","NEW","---","[CSS] Incorrect background color of a view toolbar and the ""Show List"" button","normal",
435915,"---","platform-ui-triaged","NEW","---","[CSS] [Themes] Changing the Appearance Theme causes any hidden Shell to momentarily appear","normal",
436164,"4.4.1","daniel_megert","VERIFIED","FIXED","[Help] Wrong e4 model extension point identifieres in the documentation","normal",
436183,4.5,"platform-ui-triaged","NEW","---","[CSS] Revisit creating preference nodes in CSS bridge","normal",
420843,"4.5 M1","cizbasa","RESOLVED","FIXED","Unwanted items in the Customize functionality on the Intro page of Eclipse RCP","normal",
279902,"4.5 M1","marc-andre.laperle","RESOLVED","FIXED","[Import/Export] WizardResourceImportPage.createDestinationGroup is final","enhancement",
382625,"---","platform-ui-triaged","NEW","---","[Perspectives] Setting org.eclipse.ui/PERSPECTIVE_BAR_EXTRAS=myPerspectiveId1,myPerspectiveId2 in plugin_customization.ini","normal",
437202,"---","platform-ui-triaged","NEW","---","[Contributions] Editor tied to toolbar in wrong window after dragging to new window","normal",
366534,"---","Platform-UI-Inbox","NEW","---","[Compatibility] Failures in UIAutomatedSuite","normal",
383832,"---","platform-ui-triaged","NEW","---","[Workbench] WorkbenchAdvisor#postStartup behaviour changed","normal",
412634,"---","platform-ui-triaged","NEW","---","[Workbench] Save All triggers multi-builds","major",
325965,"---","platform-ui-triaged","NEW","---","[Commands] org.eclipse.ui.workbench and org.eclipse.core.expression are preventing the GarbageCollector from removing uninstalled plug-ins","normal",
376862,"---","Michael_Rennie","ASSIGNED","---","[patch] Applying PatternFilter on ElementTreeSelectionDialog results in NullPointerException","normal",
436062,4.5,"Platform-UI-Inbox","NEW","---","Run As/Debug As switched in context menu","normal",
378566,"4.5 M3","lars.vogel","RESOLVED","FIXED","TestExpression.toString() displays an extraneous quote ("")","trivial",
418661,"---","platform-ui-triaged","NEW","---","[Metadata] Get rid of compile warnings in platform projects in official build","normal",
431097,"---","sopotcela","RESOLVED","FIXED","Update PerspectiveSwitcher to use @Inject to register for events","normal",
391430,"4.5 M6","lars.vogel","REOPENED","---","[Contributions] Dynamically creating menu items in Menu doesn't update the menu","normal",
432463,"---","platform-ui-triaged","NEW","---","[Model] add part disposing uievent","minor",
435847,"4.4.2","wojciech.sudol","CLOSED","DUPLICATE","[Perspectives] Reset Java Perspective is not getting the Package Explorer back","normal",
437624,4.5,"platform-ui-triaged","NEW","---","[Trim] Whitespace drops down for empty view toolbar or menu","normal",
433215,"---","Platform-UI-Inbox","NEW","---","[Wizards] newWizardShortcut extension point not contributing to existing perspectives","normal",
416845,"---","platform-ui-triaged","NEW","---","[Perspectives] Remove use of SWT.DEFER and Review all other layout handling","normal",
417367,"---","platform-ui-triaged","NEW","---","[Perspectives] Detaching *all* stacks in a perspective causes it to be cleaned up","normal",
428297,"---","platform-ui-triaged","NEW","---","[Contributions] MenuManager.dispose() not called when exiting workbench","normal",
365607,"---","platform-ui-triaged","NEW","---","IllegalArgumentException in PartRenderingEngine","normal",
209873,"---","platform-ui-triaged","NEW","---","[Workbench] [Incubator] Support dependency injection for contributed views, editors, etc","normal",
320727,"---","platform-ui-triaged","NEW","---","[WorkbenchParts] IPartListener2.partVisible is called twice","normal",
345608,"---","simon.scholz","NEW","---","[patch][Markers] Horrible performance removing markers from Problems View taking hours to do the job","normal",
366595,"---","platform-ui-triaged","NEW","---","[Workbench] [Compatibility] Failures in ServicesTestSuite","normal",
373011,"---","platform-ui-triaged","NEW","---","[Contributions] Action#setText(String) does not update in 4.2","normal",
378408,"---","platform-ui-triaged","NEW","---","[WorkbenchParts] Need to re-examine how we manage the various 'firePart...' events as well as how we respond to them","normal",
384351,"---","platform-ui-triaged","NEW","---","[Contributions] Compatibility problem: Menu- and toolbar are not empty in Eclipse 4.2 even if configured via WorkbenchWindowAdvisor","major",
395455,"---","platform-ui-triaged","NEW","---","[Contributions] [CPD] Disabled command groups are re-enabled upon restart","normal",
398475,"---","platform-ui-triaged","NEW","---","[CSS] CSS3 property 'font-size-adjust' is called 'font-adjust' in SWT CSS renderer","normal",
402519,"---","platform-ui-triaged","NEW","---","[Contributions] Core expressions are not evaluated in compatibility mode","normal",
404727,"---","lars.vogel","RESOLVED","WONTFIX","Make 3.x workbench images available for e4 apps","normal",
408592,"---","platform-ui-triaged","NEW","---","[WorkbenchParts] Plugin's view gets reloaded in spite of being a removed plugin","normal",
408740,"---","platform-ui-triaged","NEW","---","Define / Refine the way we want activation to work when we switch perspectives.","normal",
409678,"---","platform-ui-triaged","NEW","---","[Workbench] @ProcessRemovals called before compatibility mode adds menu items","normal",
413952,"---","platform-ui-triaged","NEW","---","[RCP] WorkbenchConfigurer.getSaveAndRestore() is not called anywhere","normal",
418589,"---","platform-ui-triaged","NEW","---","[EditorMgmt] closePart activates","normal",
359778,"---","platform-ui-triaged","NEW","---","[ActivityMgmt] [Compatibility] Commands Capabilities / Activities in Eclipse 4","normal",
153470,"---","platform-ui-triaged","ASSIGNED","---","[DND] API for managing and veto-ing the drag-n-drop of parts","enhancement",
366602,"---","platform-ui-triaged","REOPENED","---","[Compatibility] IServiceLocatorCreator doesn't work","normal",
427647,"---","platform-ui-triaged","NEW","---","[Commands] Issue with undefined-parameterized command in Kepler","normal",
401015,"---","platform-swt-inbox","NEW","---","[CSS] Add support for styling hyperlinks in Links","normal",
367116,"---","Platform-UI-Inbox","RESOLVED","INVALID","[cheat sheets] The tabindex of the ""Cheat Sheet Selection"" dialog is wrong","normal",
429793,"---","Platform-UI-Inbox","NEW","---","ConcurrentModificationException caused by EvaluationService requestEvaluation","normal",
431242,"---","Platform-UI-Inbox","NEW","---","[CSS] CSS Engine should support JavaFX-like derive() and ladder() functions","enhancement",
436840,"---","platform-ui-triaged","NEW","---","[Navigator] Navigator / Project Explorer's PasteAction throws ""Widget is disposed"" exceptions when created in detached shell","minor",
387579,"---","platform-ui-triaged","NEW","---","[EditorMgmt] [regression] No indication/decoration for pinned editor","normal",
421155,"---","platform-ui-triaged","NEW","---","[RenderingEngine] Main toolbar not redrawn when maximized Welcome closed 2nd time","normal",
404015,"---","platform-ui-triaged","REOPENED","---","[DND] Drag and drop of jobs trim item is broken","normal",
416761,"---","daniel_megert","NEW","---","Open File command should remember the last used folder across restarts","enhancement",
389478,"---","platform-ui-triaged","NEW","---","Need IDE.openEditors(...) that allows to inject state","enhancement",
222877,"---","platform-swt-inbox","NEW","---","[BiDi][GTK] Text entry field in Combo is not right aligned with SWT.RIGHT_TO_LEFT","normal","daniel.rolka"
242246,"---","platform-ui-triaged","NEW","---","[Commands] HandlerUtil.getActivePart() returns null when a dialog is opened.","normal",
275923,"4.5 M1","bsd","RESOLVED","FIXED","[Wizards] NPE in WizardDialog's updateButtons()","normal",
372508,"---","platform-ui-triaged","NEW","---","[Contributions] CoreExpressions for first level MMenus under MMenu bar are not evaluated","normal",
378861,"---","platform-ui-triaged","NEW","---","[Contributions] Context Menu not available for Dialogs","normal",
397704,"---","platform-ui-triaged","NEW","---","[Model] ElementContainerImpl.getChildren uses expensive computation","normal",
402593,"---","platform-ui-triaged","NEW","---","[Contributions] ControlContrubution does not notify registered listeners--Works in Indigo, not in Juno","normal",
410624,"---","platform-ui-triaged","NEW","---","[DND] Drag&Drop from Firefox onto Editor area fails","normal",
191256,"---","platform-ui-triaged","ASSIGNED","---","[Perspectives] perspectiveExtensions not applied after installing feature and restarting workbench","normal",
412739,"---","platform-ui-triaged","NEW","---","[Wizards] newWizardShortcut extension point not contributing to e4 perspective.","normal",
427623,"---","platform-ui-triaged","NEW","---","[PropertiesView] Exception when opening properties view","normal",
431376,"4.5 M7","simon.scholz","NEW","---","Move 'PERSPECTIVE_STACK_ID' from IWorkbenchConstants to IPageLayout to expose it as API","normal",
431862,"4.5 M3","lars.vogel","RESOLVED","FIXED","Group perspectives entries under one sub-menu","normal",
436448,"---","platform-ui-triaged","NEW","---","[JFace] [Eclipse 4.6] Delete org.eclipse.jface.util.ListenerList in Eclipse 4.6","normal",
432856,"---","Platform-UI-Inbox","NEW","---","View toolbar does not redraw properly when new buttons appear/disappear","normal",
388963,"---","platform-ui-triaged","NEW","---","[Decorators] Accessibility: FieldDecoration does not support user accessibility (JAWS)","major",
317207,"---","platform-ui-triaged","NEW","---","View tabs have no context menu - can't make it a fast view","major",
374017,"---","javabrett","NEW","---","Enable refresh even when selection has closed projects","normal",
283930,"---","platform-ui-triaged","NEW","---","[Workbench] [Compatibility] Dirty state tracking causes SWTExceptions when editing in with multiple workbench windows","normal",
314463,"---","platform-ui-triaged","NEW","---","[EditorMgmt] [Compatibility] Cannot reopen one editor - NPE in PartServiceImpl","normal",
331131,4.4,"platform-ui-triaged","RESOLVED","WORKSFORME","[Workbench] [Compatibility] Closing a project generates errors","minor","pwebster"
339740,"---","platform-ui-triaged","NEW","---","[Perspectives] Examine the layout behavior","normal",
348331,"4.5 M6","noopur_gupta","RESOLVED","FIXED","[Contributions] [Dialogs] Customize Perspective dialog - disabled/unavailable tree item labels not visible","normal",
350799,"---","platform-ui-triaged","NEW","---","[Commands] Toolbar drop downs do not appear (menuContribution)","normal",
355426,"---","platform-ui-triaged","NEW","---","[Model] [Compatibility] Isolate all model relative searching code into one method","normal",
356457,"---","platform-ui-triaged","NEW","---","[Markers] Problems view loses its ""group by"" state when being closed","normal",
364566,"---","platform-ui-triaged","NEW","---","[Contributions] [performance] Huge regression in performance test ObjectContributionsPerformance#testObjectContributions:limited selection, limited contributors()","normal",
369237,"---","platform-ui-triaged","RESOLVED","FIXED","[Model] Are we using org.eclipse.e4.emf.xpath?","normal","pwebster"
373007,"---","platform-ui-triaged","CLOSED","DUPLICATE","[Contributions] Missing context menu on workbench window toolbar (Customize Perspective...)","normal",
391344,"---","platform-ui-triaged","NEW","---","ExecutionEvent trigger is not passed on to handler","normal",
398277,"---","platform-ui-triaged","RESOLVED","WONTFIX","[CSS] swt-show-close inconsistent with swt-x-visible","normal","daniel.rolka"
400217,"---","platform-ui-triaged","REOPENED","---","[Contributions] Not possible to change visibility of tool items or menu items at runtime","normal",
401534,"---","platform-ui-triaged","RESOLVED","WORKSFORME","[KeyBindings] Keyboard shortcuts don't work in all views","critical","pelder.eclipse"
410164,"---","platform-ui-triaged","NEW","---","[DND] Duplicate views appear after dragging view in share area and back to stack","normal",
414611,"---","platform-ui-triaged","NEW","---","[Contributions] Toolbar order is not restored after restart (org.eclipse.ui.menus toolbar)","normal",
414888,"---","platform-ui-triaged","NEW","---","[WorkbenchParts] Context menu retained cross editors","normal",
418231,"---","platform-ui-triaged","CLOSED","DUPLICATE","[EditorMgmt] [regression] Editor pin doesn't toggle, doesn't remember preference on restart","normal",
360468,"---","markus_keller","ASSIGNED","---","Improve 'Open Resource' dialog filtering sort order","normal",
368466,"---","platform-ui-triaged","REOPENED","---","[Contributions] Part toolbar does not refresh after adding additional toolbar items to it","normal",
280033,"4.5 M5","platform-ui-triaged","RESOLVED","FIXED","[Contributions] Improve Customize Perspective dialog on the ""Command Groups Availability"" tab","normal",
405859,"---","platform-ui-triaged","CLOSED","DUPLICATE","[Contributions] Menu Items duplicated on *.jsp and *.xml files","normal","daniel.rolka"
385278,"---","platform-ui-triaged","NEW","---","[KeyBindings] Shortcuts like Ctrl+C/Ctrl+V intermittently stop working","normal",
304530,"---","platform-ui-triaged","NEW","---","[QuickAccess] Error opening export wizard from Quick Access","normal",
430126,"---","platform-ui-triaged","NEW","---","[QuickAccess] Quick Access should save previous choices between sessions","normal",
433765,"---","platform-ui-triaged","NEW","---","[Themes] [CSS] The editor related preferences are not properly refreshed after switching the CSS theme","normal",
281593,"---","Platform-UI-Inbox","NEW","---","[CSS][UI] Allow workbench images to be swapped via CSS","enhancement",
430306,"---","platform-ui-triaged","NEW","---","[Workbench] confusing lifecycle of IViewPart's memento: saved after ""workbench save interval"" and not cleared on close","major",
436322,"4.5 M6","wojciech.sudol","REOPENED","---","[Model] IAE when back button is clicked after closing all perspectives","normal",
433895,"4.5 M3","dirk.fauth","RESOLVED","FIXED","Locale parsed too many times","normal",
432501,"---","platform-ui-triaged","NEW","---","[Perspectives] [templates] getWindowConfigurer().setShellStyle(SWT.TITLE) is invalid","normal",
388505,"---","platform-ui-triaged","NEW","---","[Workbench] ""Show In"" menu doesn't use MRU order any more","normal",
279838,"---","daniel.rolka","NEW","---","[CSS] Resource loading extensions","normal",
393242,"---","daniel.rolka","NEW","---","[CSS] JFace StatusLine cannot be easily styled","enhancement",
263820,"---","platform-ui-triaged","NEW","---","[Commands] [UI] Handlers seems to resolve their URIs early","normal",
319182,"---","platform-ui-triaged","NEW","---","[Trim] [Compatibility] calling removeGui on menuBar causes TrimmedPartLayout.layout(*) exception","major",
416461,4.5,"agrawalshiwani30","NEW","---","[Wizards] Wizard Parameter overrides command label and icon","normal",
378495,"---","platform-ui-triaged","NEW","---","Part Toolbar does not refresh when toolbar items are removed","normal",
436753,"---","platform-ui-triaged","NEW","---","[CSS] Dark theme doesn't affect menu bar button colours","normal",
436584,"4.4.1","lars.vogel","VERIFIED","FIXED","[JFace] images missing in jfaces jar","normal",
330595,"4.5 M5","lars.vogel","VERIFIED","FIXED","[Help] IWorkbenchHelpSystem for native e4 parts?","normal",
427768,"4.5 M5","mistria","VERIFIED","FIXED","[CommonNavigator] Add content extension that shows nested projects","enhancement","mistria"
431130,"---","platform-ui-triaged","NEW","---","[Preferences] FieldEditor.adjustForNumColumns(int numColumns) client access","enhancement",
424489,"---","platform-ui-triaged","REOPENED","---","[Perspectives] An alternative to Min / Max","normal",
432722,"---","platform-ui-triaged","RESOLVED","WORKSFORME","[Perspectives] [Trim] History view not restored after selecting Team > Show local history","normal",
372943,"---","platform-ui-triaged","NEW","---","[EditorMgmt] Cannot maximize shared area by double-clicking on the tab area after it has been split","normal",
348885,"---","platform-ui-triaged","NEW","---","[UI] Removing an element from the model should (eventually) call removeGui on it","normal",
366571,"---","Platform-UI-Inbox","NEW","---","[Compatibility] editor and view action delegates are not properly scoped","normal",
414743,"---","platform-ui-triaged","NEW","---","[Contributions] Seperator in own Toolbar are not rendered","normal",
308642,"---","platform-ui-triaged","NEW","---","[Commands] [Compatibility] command executed in closed XML view","major",
308689,"---","platform-ui-triaged","NEW","---","[Dialogs] FilteredItemsSelectionDialog ignores single asterisk (*)","normal",
309807,"---","platform-ui-triaged","NEW","---","[Workbench] [Compatibility] SelectionServiceImpl throws NPE in @PD if the window has perspectives","normal",
316072,"---","platform-ui-triaged","NEW","---","[Commands] [Compatibility] clicking on a method in the editor threw an exception","normal",
319694,"---","platform-ui-triaged","NEW","---","[Contributions] [Compatibility] Some actions in view toolbars may be disabled until you activate the part","normal",
319983,"---","platform-ui-triaged","NEW","---","[Workbench] [Compatibility] Reassess how selection should work in PageBookView","normal",
320932,"---","platform-ui-triaged","RESOLVED","WORKSFORME","[Workbench] [Compatibility] Can't start Eclipse 4 SDK with proxy authentication","critical",
361469,"---","platform-ui-triaged","NEW","---","[ViewMgmt] Improve PartStack keyboard accessibility","normal",
374894,"---","platform-ui-triaged","NEW","---","[ActionSets] [Contributions] WWinPluginActions need to clean up on part close","major",
383914,"4.4 RC4","lars.vogel","RESOLVED","FIXED","[QuickAccess] CMD+3 enables toolbar even if hidden previously","normal",
386743,"---","platform-ui-triaged","NEW","---","[Contributions] Workbench window toolbar has rendering bugs","major",
392457,"---","platform-ui-triaged","NEW","---","[Contributions] cannot create dynamic Status bar controls in eclipse 4.2","major",
395513,"---","platform-ui-triaged","NEW","---","[WorkbenchParts] Part activation is tracked in two places","normal",
395601,"4.5 M6","loskutov","VERIFIED","FIXED","[Contributions] Customizing perspective - change buttons in the Java perspective reflect the change even in debug perspective","normal",
397960,"4.5 M5","platform-ui-triaged","CLOSED","FIXED","[Contributions] [CPD] Run/Debug buttons gone, can't customize perspective","normal",
398925,"---","platform-ui-triaged","NEW","---","After prolonged usage Eclipse becomes unusable : java.lang.Object cannot be cast to org.eclipse.e4.core.commands.EHandlerService","normal",
402263,"---","platform-ui-triaged","NEW","---","[Import/Export] import from file system wizard does not show subdirectories","normal",
402309,"---","platform-ui-triaged","NEW","---","[Contributions] registerVisibleWhen is not implemented on IContributionRoot","normal",
402509,"---","platform-ui-triaged","NEW","---","[api] Need a mechanism for filtering context menus","enhancement",
405561,"---","platform-ui-triaged","NEW","---","[Contributions] [CPD] Menu is not refreshed after perspective switch","normal",
409622,"---","platform-ui-triaged","NEW","---","[Model] Perspective contributed via fragment is not registered in PerspectiveRegistry","normal",
411386,"---","platform-ui-triaged","NEW","---","[Perspectives] Enable separate UI presentations based on monitor configurations","normal",
413213,"---","platform-ui-triaged","NEW","---","[Contributions] Separators on toolbar from menu contribution are not showing.","normal",
416142,"---","platform-ui-triaged","NEW","---","[ViewMgmt] [regression] Incomplete system menu for views","normal",
418908,"4.2.2+","wojciech.sudol","VERIFIED","FIXED","[EditorMgmt] Editor drop-down list does not show custom icons","normal",
379426,"---","platform-ui-triaged","NEW","---","[Compatibility] CompoundContributionItems result in duplicate menu items","major",
110135,"---","platform-ui-triaged","NEW","---","[Import/Export]  Import existing projects wizards: enhancements for duplicate projects","enhancement",
376046,"4.5 M6","platform-ui-triaged","RESOLVED","FIXED","[Contributions] Customize Perspective doesn't show new toolbar button unless group enabled first","normal",
355049,"---","platform-ui-triaged","REOPENED","---","[Import/Export] Importing a project containing a linked resource will dereference that linked resource","major",
413214,"---","platform-ui-triaged","NEW","---","[Contributions] [Compatibility] dynamic nodes of Menu contribution on toolbar are ignored.","enhancement",
353186,"---","platform-ui-triaged","NEW","---","[KeyBindings] shortcut keys ctrl-s and ctrl-shift-s don't work, sometimes","normal",
422197,"---","platform-ui-triaged","NEW","---","[KeyBindings] Cmd+Shift+T and Cmd+Shift+R only work if there is an active part","normal",
187073,"---","platform-ui-triaged","RESOLVED","WORKSFORME","[QuickAccess] Typing 'Views' doesn't show all the views","normal",
432096,"---","platform-ui-triaged","NEW","---","[QuickAccess] NotHandledException selecting inactive command under 'Previous Choices' in Quick access","normal",
431845,"4.5 M6","stefan","NEW","---","[Themes] [CSS] Simplify dark theme","normal",
432685,"---","platform-ui-triaged","NEW","---","[CSS] Enabling dark theme does not seem to change font colors making it very hard to read","normal",
430992,"---","stefan","NEW","---","[CSS] [dark theme] Search dialog tab headers are unstyled","normal",
431000,"---","Platform-UI-Inbox","NEW","---","[CSS] [dark theme] Drop-downs have extra grey light border","normal",
428248,"---","daniel.rolka","CLOSED","DUPLICATE","[CSS] Invisible Console output causes Console Tab shimmering and JUnit Test counts flickering","normal",
436175,"---","equinox.p2-inbox","NEW","---","[Themes] [ui][CSS][Dark] The ""Help > Install New Software"" dialog's table widget turns white while search is in progress","normal","daniel.rolka"
423607,"---","daniel.rolka","ASSIGNED","---","[CSS] Gradient in background-color is not applied to children","normal",
411490,"---","Platform-UI-Inbox","RESOLVED","WORKSFORME","[help] [keybindings] F1 or Command-? are not bound to (dynamic) help","normal",
436114,"---","Platform-UI-Inbox","NEW","---","Cheese in multi-page editors","normal",
266030,"---","mistria","NEW","---","[CommonNavigator] Need public ""Others"" working set for use in common navigator instances","enhancement",
431032,"---","lars.vogel","NEW","---","Incorrect part data for shared elements in application model for the IDE","major",
435636,"---","Platform-UI-Inbox","NEW","---","Eclipse internal web browser uses old Eclipse icon for busy indicator","normal",
242231,"4.5 M2","lars.vogel","VERIFIED","FIXED","[Viewers] TableViewer#applyEditorValue() should be public","enhancement",
427887,"---","platform-ui-triaged","REOPENED","---","[CommonNavigator] [working sets] Allow working set in Project Navigator to be sorted manually","enhancement",
432935,"---","platform-ui-triaged","NEW","---","[PerspectiveBar] ""Top-left"" position not available for perspective switcher","normal",
437902,"4.4.1","daniel.rolka","VERIFIED","FIXED","[CSS] PreTVT44: Non-externalized strings on Colors and Fonts Preference panel","normal",
162006,"---","wayne","NEW","---","[QuickAccess] Make Ctrl-3 extensible","normal",
339415,"---","platform-ui-triaged","NEW","---","[Contributions] DynamicMenuContributionItem's isVisible() does not delegate to loadedDynamicContribution's isVisible()","normal",
351366,"---","platform-ui-triaged","NEW","---","Allow the hosting of Views and Editors independent of the presentation","normal",
310139,"---","platform-ui-triaged","NEW","---","[Perspectives] [Compatibility] synchronizing switches perspectives","normal",
316470,"---","platform-ui-triaged","NEW","---","[Contributions] [Compatibility] e4 story for dealing with custom IContributionItem implementations","normal",
316515,"---","platform-ui-triaged","NEW","---","[RenderingEngine] [Compatibility] IPresentationEngine.stop called twice","normal",
323075,"---","platform-ui-triaged","NEW","---","[RCP] Headless usage of Eclipse 4 RCP (without a Window) - Context of model elements should be explicitly created and filled","normal",
352690,"---","platform-ui-triaged","NEW","---","[DND] EditorAreaDropAdapter should ignore empty events","normal",
352938,"---","platform-ui-triaged","NEW","---","[Commands] two propertyTester are crashing on selection with two different objects","normal",
360815,"---","platform-ui-triaged","NEW","---","[Compatibility] Cannot retrieve model item from within a legacy handler","normal",
366991,"---","platform-ui-triaged","NEW","---","[Markers] NPE in MarkerGroup.addEntry() by opening the Problems view via ""Ctrl+3""","normal",
368558,"---","platform-ui-triaged","NEW","---","[CSS] Main tool bar should have its style bits defined by CSS","normal",
370811,"---","platform-ui-triaged","NEW","---","[Contributions] View menu doesn't update when adding item to menu model","normal",
373015,"---","platform-ui-triaged","NEW","---","[CSS] Provide support for system theme properties in CSS","enhancement",
373016,"---","platform-ui-triaged","NEW","---","[CSS] Provide support for font size as a percentage in CSS","enhancement",
374307,"---","platform-ui-triaged","NEW","---","[Workbench] 3.x bridge - how we make corresponding 4.x elements","major",
377906,"---","platform-ui-triaged","NEW","---","[Model] Model / SWT interactions are not well enough defined","normal",
378106,"---","platform-ui-triaged","NEW","---","[Contributions] [Compatibility] Changes to DirectContributionItems should update corresponding actions","normal",
387291,"---","platform-ui-triaged","CLOSED","DUPLICATE","[FastView] Remove 'Fast view' preference references","normal",
396271,"---","platform-ui-triaged","NEW","---","[Trim] Class extending WorkbenchWindowControlContribution not invoking isVisible() method in Juno","normal",
398647,"---","platform-ui-triaged","NEW","---","[Contributions] Dynamic radio items in menu contribution not checked","normal",
400263,"---","platform-ui-triaged","NEW","---","RuntimeException ""Cycle while computing...""","normal",
406763,"---","platform-ui-triaged","NEW","---","[Workbench] Workbench is returning null for IWorkbenchActivitySupport.","normal",
410432,"---","platform-ui-triaged","NEW","---","[Contributions] [Compatibility] Different behaviors for toolbar contribution through factories  with bundle and target platform","major",
413474,"---","platform-ui-triaged","NEW","---","[EditorMgmt] [navigation] After switching perspective, Back no longer returns to the point where a Hyperlink was clicked","normal",
414544,"---","platform-ui-triaged","NEW","---","[WorkbenchParts] PlatformUI.getWorkbench().getActiveWorkbenchWindow().getActivePage().getActivePart() is NULL","normal",
393171,"4.5 M7","Platform-UI-Inbox","NEW","---","Remove delta migration code","normal",
345932,"---","daniel_megert","ASSIGNED","---","Key Assist dialog should update status info text each time","normal",
221172,"---","platform-ui-triaged","RESOLVED","WORKSFORME","[Commands] [ViewMgmt] Window > Show View doesn't open existing instances of multi-instance views","normal",
347140,"---","platform-ui-triaged","RESOLVED","FIXED","[Compatibility] Toolbar rendering very slow / looks animated","normal",
428348,"---","platform-ui-triaged","NEW","---","[Commands] parameters in converters (for commands) needs compatibility layer","enhancement",
419188,"4.5 M6","loskutov","CLOSED","DUPLICATE","[Contributions] [Perspectives] Configuration of toolbar+menu in perspective is broken","normal",
429881,"---","platform-ui-triaged","NEW","---","[Import/Export] Eclipse views show folder name instead of project name","normal",
413638,"---","Platform-UI-Inbox","NEW","---","[JFace][CSS] JFace Dialog Buttons too small when changing font with CSS","normal",
430468,"4.5 M2","lars.vogel","VERIFIED","FIXED","[CSS] Move org.eclipse.e4.ui.tests.css.core tests to JUnit 4","normal",
419807,"4.5 M6","noopur_gupta","RESOLVED","FIXED","[Dialogs] AIOOB exception in AbstractElementListSelectionDialog","normal",
418025,"---","platform-ui-triaged","NEW","---","[Dialogs] Find Resources dialog does not return result","normal",
414057,"---","jeandersonbc","NEW","---","[Viewers] Add generics to IStructuredSelection","enhancement",
416189,"---","jeandersonbc","NEW","---","[Viewers] Review use of generic array return type","normal",
429818,"---","Platform-UI-Inbox","NEW","---","Activation not restored to a view in a detached window on a perspective switch","normal",
435504,"---","lars.vogel","NEW","---","[Workbench] [Trim] Cleanup HeapStatus and convert into a ToolControl","normal",
431565,"---","platform-ui-triaged","NEW","---","[Progress] Refactor JobTreeElement","enhancement",
436923,"---","platform-ui-triaged","NEW","---","[Progress] ProgressMonitorDialog should encapsulate the protected arrowCursor member","normal",
422139,"4.5 M6","tmccrary","NEW","---","[Graphics] Move ""org.eclipse.ui.images"" to eclipse.images git repo and rename to ""org.eclipse.images""","normal",
435300,"4.4.2","platform-ui-triaged","CLOSED","DUPLICATE","[Outline] Narrowing an empty Outline view lowers the ""An outline is not available"" label","normal","wojciech.sudol"
426717,"---","platform-ui-triaged","NEW","---","[EditorMgmt] Incorrect Editor Title Image shown after rearranging editor","normal",
383318,"---","platform-ui-triaged","NEW","---","[KeyBindings] Keybinding conflicts occurred when switching between Java and XML editors","normal",
436458,4.5,"Platform-UI-Inbox","NEW","---","Detached windows present glitches when changing perspective","normal",
432750,"---","platform-ui-triaged","NEW","---","[Themes] Provide a way to define a Color & Font profile in CSS","enhancement",
435605,4.5,"platform-ui-triaged","NEW","---","[RenderingEngine] Editor tab disappears when quickly moving mouse pointer over multiple editor tabs","minor",
370615,"---","platform-ui-triaged","NEW","---","Support dynamic tracing for e4 workbench","normal",
278647,"---","lars.vogel","RESOLVED","WONTFIX","[KeyBindings] Remove ""Export CVS..."" option from the Key preference page","minor",
318218,"---","platform-ui-triaged","NEW","---","[Perspectives] [Compatibility] trying to close the Java perspective throws NPEs","normal",
319121,"---","platform-ui-triaged","RESOLVED","WORKSFORME","[Workbench] [Compatibility] 'Breakpoints' view goes dirty but cannot be saved","normal","pwebster"
320262,"---","platform-ui-triaged","NEW","---","[Perspectives] [Compatibility] switching back to the Java perspective gives me a blank","normal",
320672,"---","platform-ui-triaged","NEW","---","[WorkbenchParts] [Compatibility] SWTException when activating an editor with stale content causes","normal",
338470,"---","platform-ui-triaged","RESOLVED","FIXED","[Trim] Minimized stacks break lazy loading rules","normal","emoffatt"
339352,"---","platform-ui-triaged","RESOLVED","WORKSFORME","[Compatibility] [DND] hitting ESC caused an NPE","normal","emoffatt"
341346,"---","platform-ui-triaged","NEW","---","[Perspectives] [Compatibility] part does not exist ... but it does","normal",
344121,"---","platform-ui-triaged","NEW","---","[Contributions] [Compatibility] Lazy loading does not appear to work for a dynamic contribution to popup:org.eclipse.ui.popup.any","normal",
362532,"---","platform-ui-triaged","NEW","---","[CSS] Re-enable dynamic CSS pseudo-classes","normal",
364838,"---","platform-ui-triaged","NEW","---","[Contributions] [Compatibility] NPE in PopupMenuExtender#cleanUpContributionCache while running SWTBot","normal",
368187,"---","platform-ui-triaged","RESOLVED","FIXED","Services pre-API cleanup","normal","ob1.eclipse"
372247,"---","platform-ui-triaged","NEW","---","[KeyBindings] interactions: Mnemonics should not work across workbench parts","normal",
377999,"---","platform-ui-triaged","NEW","---","[RenderingEngine] Support per-element renderers","normal",
379806,"---","platform-ui-triaged","NEW","---","[Perspectives] IWorkbenchPage.savePerspective throws an Exception","normal",
379992,"---","platform-ui-triaged","NEW","---","[DND] NPE dragging Error Log view out to desktop","normal",
382070,"---","platform-ui-triaged","CLOSED","DUPLICATE","[Contributions] Dynamic menu model changes are not reflected in the UI","normal","daniel.rolka"
384349,"---","platform-ui-triaged","NEW","---","[Contributions] New Toolbar in Eclipse 4.2 with Resume, Step Into, ... is lost after restoring the perspective","major",
385302,"---","platform-ui-triaged","NEW","---","[KeyBindings] Some custom ALT+... shortcuts do not work in Juno","normal",
385840,"---","platform-ui-triaged","NEW","---","[Contributions] Setting a new label and tooltip text to a HandledToolItem does not work","normal",
387821,"4.5 M5","noopur_gupta","RESOLVED","FIXED","[Contributions] [CPD] CustomizePerspectiveDialog requires 2 checks to hide Navigate>Show In","normal",
388918,"---","platform-ui-triaged","NEW","---","Clean up code in org.eclipse.e4.ui.widgets.ImageBasedFrame.drawFrame(PaintEvent)","normal",
393839,"---","platform-ui-triaged","NEW","---","[RenderingEngine] Extensions concept for Renderer factory","normal",
394958,"---","platform-ui-triaged","NEW","---","[KeyBindings] The key binding of a contributed menu item is no longer shown","normal",
401488,"---","platform-ui-triaged","NEW","---","[KeyBindings] Key binding conflict reported for a multipage editor even though the functionality works","normal",
406097,"---","platform-ui-triaged","NEW","---","Add ability to drag and drop shared editor area","normal",
410485,"---","platform-ui-triaged","NEW","---","[EditorMgmt] [DetachedEditor] Opening an editor when a detached window has focus opens in workbench window instead of detached window","normal",
410723,"---","platform-ui-triaged","NEW","---","[FastView] E4 misses a button for opening a new (fast) view","normal",
411133,"---","platform-ui-triaged","NEW","---","[Import/Export] Cannot import project into workspace","normal",
418070,"---","platform-ui-triaged","NEW","---","[PropertiesView] [Min/Max] Data getting disappeared on maximizing a property view","major",
309306,"---","platform-ui-triaged","ASSIGNED","---","[ActivityMgmt] [ActionSets] Activities will remove actions but not parent menu","normal",
379216,"---","platform-ui-triaged","ASSIGNED","---","[Model] Elements with no elementID coming from fragments are never matched by ModelAssember and duplicated on startup","normal",
244316,"---","platform-ui-triaged","REOPENED","---","[WorkbenchLauncher] File->""Switch Workspace""->Other does nothing first time","major",
374568,"---","platform-ui-triaged","REOPENED","---","Part menu is not rendered correctly after removing menu items.","normal",
431444,"---","platform-ui-triaged","NEW","---","[Commands] Saving when closing an editor does not fire command execution listeners","normal",
408730,4.5,"Platform-UI-Inbox","NEW","---","[Contributions] Missing label for toolbar menu contribution","normal",
246224,"---","platform-ui-triaged","NEW","---","[Contributions] Accessing SharedImages in plugin.xml (for ex. org.eclipse.ui.menus)","enhancement",
334391,"4.5 M6","loskutov","ASSIGNED","---","[Contributions] java.lang.IllegalArgumentException in CustomizePerspectiveDialog","normal",
398819,"---","Platform-UI-Inbox","NEW","---","[Import/Export] Can't import and overwrite existing projects into workspace code broken","normal",
163601,"---","platform-ui-triaged","NEW","---","[Import/Export] Can't import and overwrite existing projects into workspace","normal",
357485,"---","platform-ui-triaged","NEW","---","[KeyBindings] Keys preference page should show user-unbound commands as changed","normal",
417423,"---","platform-ui-triaged","NEW","---","[KeyBindings] Some important keybindings are not working in Kepler Release","normal",
6698,"---","platform-ui-triaged","CLOSED","DUPLICATE","[Markers] Quick Bookmark","enhancement","hsoliwal"
232383,"---","platform-ui-triaged","NEW","---","[Markers] Quick fixes need to be sorted prior to UI display","normal",
162983,"---","platform-ui-triaged","NEW","---","[WorkingSets] Create new working set via copy operation","enhancement",
424601,"---","platform-ui-triaged","NEW","---","[WorkingSets] Filtering resources in ResourceWorkingSetPage","enhancement",
433876,"---","Platform-UI-Inbox","NEW","---","[CSS] Editor refreshing issue after switching the CSS theme with the pref dialog","normal",
428821,"---","platform-ui-triaged","NEW","---","[CSS] [Themes] Allow the preference dialog to be styled","enhancement",
428666,"---","platform-ui-triaged","NEW","---","[ActivityMgmt] [RCP] Activity does not hide View Category","normal",
305175,"---","platform-ui-triaged","NEW","---","[Dialogs] MessageDialog#openConfirm returns true, if the display is disposed","normal",
405296,"4.5 M6","platform-ui-triaged","NEW","---","[Workbench] Extension point contributions stay active when contributing plug-in is not available","major",
421790,"---","platform-ui-triaged","NEW","---","[EclipseContexts] add boolean isModifiable() to IEclipseContext","enhancement",
355750,"---","platform-ui-triaged","REOPENED","---","WorkbenchWindowAdvisor#isDurableFolder() doesn't survive a save and restore","normal",
249109,"---","platform-ui-triaged","NEW","---","[Trim] set toolbar icons with drag and drop","enhancement",
317208,"4.3 RC1","emoffatt","RESOLVED","FIXED","Missing items on context menu on minimized views","normal",
360065,"---","platform-ui-triaged","RESOLVED","WORKSFORME","NPE in dndaddon.DnDManager","normal",
170205,"---","platform-ui-triaged","RESOLVED","WORKSFORME","[WorkingSets] NPE in org.eclipse.ui.XMLMemento.getChildren(XMLMemento.java:235)","normal","daniel.rolka"
183458,"---","platform-ui-triaged","NEW","---","[Progress] Need to have UIJobs wait until workbench has started","enhancement",
236416,"---","platform-ui-triaged","NEW","---","[ActivityMgmt] Capabilities are not correctly adding their new project wizards to the main menu if added to an existing installation","normal",
271613,"---","platform-ui-triaged","NEW","---","[ActivityMgmt] Preference-pages and activities","normal",
314159,"---","platform-ui-triaged","NEW","---","[CSS] part can be sized so small that text does not show and chevron dangles to left","normal",
320739,"---","platform-ui-triaged","NEW","---","[Contributions] [Compatibility] 'Content Assist' submenu of the 'Edit' menu appears in the wrong place","normal",
357652,"---","platform-ui-triaged","NEW","---","[Compatibility] Allow model contribution to be merged into the model AFTER the compat layer","normal",
363069,"---","platform-ui-triaged","NEW","---","[KeyBindings] [Compatibility] multi-stroke key bindings should provide status line indication","normal",
369796,"---","platform-ui-triaged","NEW","---","[CSS] Enable unibrow editor mode in CSS","normal",
369978,"---","platform-ui-triaged","NEW","---","[ViewMgmt] Regression in traversal of editor tabs from 3.x to 4.x","normal",
378873,"---","platform-ui-triaged","NEW","---","""Configuration"" menu contribution at wrong position in Java editor breadcrumb","normal",
378939,"---","platform-ui-triaged","NEW","---","[Workbench] Request to close the lifecycle of the application model","enhancement",
384308,"---","platform-ui-triaged","NEW","---","[DND] Moving editors between windows not working (slow down of development on dual monitors)","normal",
385015,"---","platform-ui-triaged","NEW","---","[CSS] Easily adjust font, size and color of *every* UI element","enhancement",
386803,"---","platform-ui-triaged","CLOSED","DUPLICATE","[QuickAccess] Active Keybinding Contexts not deactivated in Quick Access","normal",
393695,"---","platform-ui-triaged","NEW","---","[Regression] setGlobalActionHandlers(*) is stashing handlers in different locations","normal",
395205,"---","platform-ui-triaged","NEW","---","[CSS] Allow custom renderers to be defined using CSS","normal",
401735,"---","platform-ui-triaged","NEW","---","[DND] can't move editor tab to first position when editor area overflows","normal",
409055,"---","platform-ui-triaged","NEW","---","[Markers] Marker Properties do not resize","normal",
206559,"---","platform-ui-triaged","NEW","---","[Preferences] Preferences dialog should have link to export/import","normal",
359059,"---","Platform-UI-Inbox","REOPENED","---","[Commands] [Compatibility] Undefined context error when restarting with a PHP file open","normal",
408353,"---","platform-ui-triaged","NEW","---","[Contributions] closeAllSaved should be added to IWorkbenchCommandConstants","normal",
432120,"---","platform-ui-triaged","NEW","---","[Contributions] Empty popup submenu not hidden in the XML editor","normal",
166149,"4.5 M6","lars.vogel","NEW","---","[Import/Export] Import project dialog should show paths on the file system","enhancement",
421930,"---","mistria","CLOSED","DUPLICATE","[Import/Export] Import directory as project from File > Open... or Import wizard or DND...","enhancement",
212747,"---","platform-ui-triaged","NEW","---","[Markers] Improve inline editing","normal",
282585,"---","platform-ui-triaged","NEW","---","[Markers] Problems view no longer highlighted when new problems added while in background","normal",
379123,"---","platform-ui-triaged","NEW","---","[Markers] ArrayIndexOutOfBoundsException","normal",
430516,"---","platform-ui-triaged","NEW","---","[Wizards] New project creation wizard page does not validate on show","normal",
435521,"4.4.1","markus_keller","VERIFIED","FIXED","Javadoc warning due to illegal use of internal API (illegal reference to TrimStack from bug 408359)","normal",
433933,"4.4.1","platform-ui-triaged","CLOSED","DUPLICATE","[DND] DnD Polish","normal","emoffatt"
432174,"---","Platform-UI-Inbox","NEW","---","Add org.eclipse.ui.internal.registry.PerspectiveDescriptor.getOriginalId() to IPerspectiveDescriptor","normal",
436749,"---","Platform-UI-Inbox","NEW","---","Detached view keeps/regains focus after Show In on GTK","normal",
400443,"---","platform-ui-triaged","CLOSED","DUPLICATE","[Perspectives] Perspective switch not working on startup","normal","emoffatt"
411724,4.4,"lars.vogel","RESOLVED","FIXED","[Trim] Hidden toolbar doesn't stay hidden","normal","emoffatt"
79991,"---","platform-ui-triaged","REOPENED","---","[EditorMgmt] 'File > Save As' doesn't update navigation history","normal",
379144,"---","platform-ui-triaged","NEW","---","[DI] Same EventAdmin Service injected twice","minor",
361580,"---","platform-ui-triaged","NEW","---","The Contributed part renderer's 'getUIContainer' can throw a CCE for a part contained in a sash Container","normal",
153761,"---","me","RESOLVED","WORKSFORME","[Mac] Investigate API for contributing to the application menu","enhancement","me"
168379,"---","platform-ui-triaged","NEW","---","[EditorMgmt] Investigate possible editor tab management improvements","normal",
231314,"---","platform-ui-triaged","NEW","---","[Themes] ColorRegistry is not sharing Color resources","normal",
309248,"---","platform-ui-triaged","NEW","---","[Workbench] [Compatibility] Unsaved changes dialog needs polish","normal",
317465,"---","platform-ui-triaged","NEW","---","Implement context menu equivalents for 3.x context menus on Views/Editors/Perspectives (in the switcher)","normal",
320161,"---","platform-ui-triaged","NEW","---","[About] [Compatibility] About dialog shows scroll bars, need to backport bug 292868","minor",
325779,"---","platform-ui-triaged","NEW","---","[Trim] [Compatibility] minimized stack is gone","normal",
332130,"---","platform-ui-triaged","RESOLVED","WORKSFORME","[Contexts] [Compatibility] create runtime contexts correctly","normal","pelder.eclipse"
336612,"---","platform-ui-triaged","RESOLVED","WORKSFORME","[Workbench] Save blocks UI instead of reporting progress","major","pwebster"
347843,"---","platform-ui-triaged","NEW","---","[Workbench] [Compatibility] Save handling has changed in 3.x","normal",
348940,"---","platform-ui-triaged","NEW","---","[Trim] [UI] Dragging a stack into the shared area leaves its min/max buttons showing","normal",
359597,"---","platform-ui-triaged","NEW","---","[Perspectives] Reset perspective with views in shared area should reset views in all effected perspectives","normal",
369882,"---","platform-ui-triaged","NEW","---","[Contributions] visibleWhen and checkenabled=true not working correctly in menu","normal",
372393,"---","platform-ui-triaged","NEW","---","[Compatibility] Remove MRenderedToolBar and its associated renderer","normal",
379396,"---","platform-ui-triaged","RESOLVED","WORKSFORME","[RenderingEngine] How to set the style of the application window","normal",
382648,"---","platform-ui-triaged","RESOLVED","WONTFIX","add Trace Log view","enhancement",
384240,"---","platform-ui-triaged","NEW","---","[DND] Allow to drag'n'drop view on a minimized stack","enhancement",
385547,"---","platform-ui-triaged","NEW","---","[PerspectiveBar] [PerspectiveSwitcher] Remove all dependencies on org.eclipse.ui.* (Pure E4)","enhancement",
386804,"---","platform-ui-triaged","NEW","---","[DND] The target area to DND Views and Editors into existing stacks is too small","normal",
390376,"---","platform-ui-triaged","NEW","---","[DetachedView] opening file should open in the editor window that has focus","normal",
390787,"---","platform-ui-triaged","NEW","---","[key binding] Chinese content assist key bindings broken","major",
391711,"---","platform-ui-triaged","NEW","---","[Markers] org.eclipse.ui.internal.views.markers.QuickFixHandler duplicates selected marker","normal",
399100,"---","platform-ui-triaged","NEW","---","[Workbench] Clicking a Preference page hyperlink that directs to a view can cause Conflicting Handler errors.","minor",
403011,"---","platform-ui-triaged","NEW","---","[RenderingEngine] Full screen mode not remembered","minor",
403646,"---","platform-ui-triaged","NEW","---","[Contributions] Toolbar icons are misplaced the first time a clean workspace is used","normal",
412144,"---","platform-ui-triaged","NEW","---","[Trim] Accessibility - Shortcuts not working after the last open editor is maximized and closed","normal",
413626,"---","platform-ui-triaged","NEW","---","[Workbench] IntroHandler fails because of early initialialization","normal",
416138,"---","platform-ui-triaged","NEW","---","[DND] [regression] Missing DnD support for minimized stack items","normal",
417351,"---","platform-ui-triaged","NEW","---","[Min/Max] [WorkbenchParts] No active editor after maximizing then restoring a view","normal",
417380,"---","platform-ui-triaged","NEW","---","[Contributions] Using the Go Into context menu causes view chrome to disappear","trivial",
417724,"---","platform-ui-triaged","NEW","---","[Viewers] Generify IElementComparer","normal",
364843,"---","platform-ui-triaged","NEW","---","[Contributions] [Compatibility] missing tooltips on some actions in main toolbar","normal",
370430,"---","platform-ui-triaged","NEW","---","[KeyBindings] Rename ""Workbench"" context and hide if not supported","normal",
345939,"---","daniel_megert","ASSIGNED","---","Key Assist dialog: info text should show key strokes in single quotes","minor",
226842,"---","platform-ui-triaged","ASSIGNED","---","[KeyBindings] Can only switch to Emacs keybindings once.","major",
407432,"4.5 RC1","lars.vogel","REOPENED","---","[Metadata] Remove Broken Externalized Strings from UI bundles","normal",
281455,"---","platform-ui-triaged","REOPENED","---","ConcurrentModificationException while closing project","normal",
267083,"---","Platform-UI-Inbox","NEW","---","[Commands] [Services] ui.workbench provided factories NPE with dialog","normal",
171945,"---","platform-ui-triaged","NEW","---","[Commands] Add OpenWithOther command","normal",
99154,"---","platform-ui-triaged","ASSIGNED","---","[Commands] request: Switch between open editors with Alt-<number>","enhancement",
50969,"---","platform-ui-triaged","ASSIGNED","---","[Commands] request: Move to bookmark","enhancement",
48438,"---","platform-ui-triaged","ASSIGNED","---","[Commands] request: Select All does not work in resource or package explorer view","enhancement",
387233,"---","Platform-UI-Inbox","NEW","---","[Contributions] Allow contributions to stack menu","normal",
155415,"---","platform-ui-triaged","NEW","---","[Contributions] Only ViewerContribution should listen to selection changes, not its actions","normal",
270747,"---","platform-ui-triaged","NEW","---","[Contributions] [CPD] Allow disabling of ""Show In"" submenus","enhancement",
291318,"---","platform-ui-triaged","NEW","---","[Contributions] [CPD] Coolbar doesn't work properly when removed the 'file' group","normal",
419242,"---","platform-ui-triaged","NEW","---","[Contributions] Save, Save All, Print toolbar items ignored hiddenToolbarItem in perspectiveExtension","normal",
421584,"---","m2e.core-inbox","CLOSED","NOT_ECLIPSE","[Contributions] Edit Working Set Dialog Very Slow","normal",
239636,"---","platform-ui-triaged","NEW","---","[Wizards] [Import/Export] Import projects as closed by default","normal",
257015,"---","platform-ui-triaged","NEW","---","[Import/Export] Add support to import a project from a HTTP URL","normal",
154192,"---","platform-ui-triaged","NEW","---","[Markers] [WorkingSets] Task filtering by working set shows task outside selected working set","normal",
215628,"---","platform-ui-triaged","NEW","---","[Markers] Losing selection shouldn't scroll back to the top","normal",
243355,"---","platform-ui-triaged","NEW","---","[Wizards] Error reporting could be improved for import wizard","normal",
142343,"---","platform-ui-triaged","NEW","---","[WorkingSets] Window Working Set doesn't get selected on working set deletion","normal",
144986,"---","platform-ui-triaged","NEW","---","[WorkingSets] Select Working Sets multiselect problems","normal",
227262,"---","platform-ui-triaged","NEW","---","[WorkingSets] Select working set to clean.","enhancement",
181985,"---","platform-ui-triaged","NEW","---","[WorkingSets] Add a visual indicator of active window working set","enhancement",
56558,"---","platform-ui-triaged","NEW","---","[Themes] [Fonts/Colors] Provide UI to set fonts for trees and tables","enhancement",
433724,"---","platform-ui-triaged","RESOLVED","INVALID","[CSS] [package explorer] Files opened in editor are not shown as bold in the viewer","minor",
423723,"---","platform-ui-triaged","NEW","---","[Dialogs] 'Open Resource' dialog remains open when 'Show In' > 'Properties' chosen","normal",
417411,"---","platform-ui-triaged","NEW","---","[CellEditors] Empty row at the bottom of the priority drop-down list in the ""Tasks"" view","minor",
432297,"---","platform-runtime-inbox","NEW","---","add setGlobal to IEclipseContext","enhancement",
437597,"4.4.1","daniel_megert","VERIFIED","FIXED","[Navigator] Problem with CommonSorterDescriptorManager_A_navigatorContent_extesnion_in_0_","trivial",
432869,"---","platform-runtime-inbox","NEW","---","Path.hashCode() does not represent the actual path","trivial",
435523,"---","platform-ui-triaged","NEW","---","[Trim] toolbar groups docked on status bar misaligned","normal",
436885,"---","platform-ui-triaged","NEW","---","[OLE] [Win32] menu items disappear after editing an office file","normal",
437213,"---","platform-ui-triaged","NEW","---","[Perspectives] Disabling floating editors","enhancement",
171398,"---","platform-ui-triaged","CLOSED","DUPLICATE","Full screen editing","enhancement",
28722,"---","platform-ui-triaged","NEW","---","[EditorMgmt] tabs: Split tabs in editor into several lines","enhancement",
164372,"---","platform-ui-triaged","NEW","---","[OpenModes] OpenStrategy not working properly for the Expand-Event","normal",
244364,"---","platform-ui-triaged","NEW","---","[MPE] [EditorMgmt] Implement a split editor based on AbstractMultiEditor","enhancement",
248561,"---","platform-ui-triaged","NEW","---","[Progress] Accessibility: Text changes in progress dialogs are not read by screen readers","normal",
267851,"---","platform-ui-triaged","NEW","---","[GlobalActions] Copy refactoring is not triggered in Project Explorer","normal",
284439,"---","platform-ui-triaged","NEW","---","[Workbench] [Compatibility] NPE in FormOutlinePage during delete","normal",
318224,"---","platform-ui-triaged","NEW","---","[Decorators] Decoration context should specify decoration area in image (was: Model-based synchronize view shows decorations at unexpected location)","normal",
338827,"---","platform-ui-triaged","NEW","---","[Commands] Regression in 3.6.2 handler enabledWhen core expression","normal",
364975,"---","platform-ui-triaged","RESOLVED","WORKSFORME","[patch][Presentations] Icons from one view's toolbar flicker in the top left view's title area","normal",
365804,"---","platform-ui-triaged","NEW","---","[BiDi] [Bidi] HEW TVT : RTL affecting path names and negative numbers.","normal",
366543,"---","platform-ui-triaged","NEW","---","[Progress] Text in progress dialog is truncated even if progress dialog has plenty of space","minor",
368470,"---","platform-ui-triaged","NEW","---","[IDE] Editor Selection dialog displays Bidirectional strings in left-to-right orientation","normal",
376302,"---","platform-ui-triaged","NEW","---","[CSS] editor ruler not/hardly visible","normal",
376491,"---","platform-ui-triaged","NEW","---","[KeyBindings] Compare editor shortcuts","normal",
377293,"---","platform-ui-triaged","NEW","---","[Commands] [Compatibility] ICommandService/IExecutionListener pattern needs re-visit","normal",
378798,"---","platform-ui-triaged","NEW","---","[WorkbenchLauncher] bidi2012 - Incorrect display of Workspace path with Hebrew in workspace list","normal",
378815,"---","platform-ui-triaged","NEW","---","Need better story for handling model elements that should disappear on startup","normal",
379094,"---","platform-ui-triaged","NEW","---","bidi2012 - Error when paste project path with Hebrew to Windows Explorer","normal",
379257,"---","platform-ui-triaged","NEW","---","[GlobalActions] Registering actions should not be required to use standard org.eclipse.ui commands","enhancement",
379719,"---","platform-ui-triaged","NEW","---","[BiDi] bidi2012 - Wrong display of Hebrew in Properties caption, AIX","normal",
379720,"---","platform-ui-triaged","NEW","---","[PropertiesDialog] [BiDi] bidi2012- Incorrect display of path with Hebrew characters in Properties view - AIX","normal",
380931,"---","platform-ui-triaged","NEW","---","[WorkbenchParts] NotHandledException in Sketch diagram after pressing Shift-Del","normal",
380995,"---","platform-ui-triaged","NEW","---","[Workbench] LegacyIDE.e4xmi is not in an optional plugin","normal",
381487,"---","platform-ui-triaged","NEW","---","[BiDi] Handle bidi in affected text fields (when Hebrew characters appear in the path)","normal",
383654,"---","platform-ui-triaged","NEW","---","'Toggle Editor Area Visibility' needs to be renamed to 'Toggle Shared Area Visibility'","normal",
385295,"---","platform-ui-triaged","NEW","---","[PropertiesView] Malformed Java class properties with Hebrew","normal",
387978,"---","platform-ui-triaged","NEW","---","[Trim] [Min/Max] Console popup (above another maximized view/editor) does not disappear anymore as long as it hasn't got focus at least once","normal",
389620,"---","platform-ui-triaged","NEW","---","[KeyBindings] Cannot unbind or disable behaviour of ALT+SHIFT+D multi-stroke key bindings","minor",
390398,"---","platform-ui-triaged","NEW","---","[Trim] TrimBar set to invisible when setting ""Spacer Glue"" invisible","minor",
394036,"---","platform-ui-triaged","NEW","---","[Progress] The Progress view does not track the state of enabled commands","enhancement",
400496,"---","platform-ui-triaged","NEW","---","Invalid Menu Extension in show in menu","normal",
404535,"---","platform-ui-triaged","NEW","---","[EditorMgmt] Enabling navigation history for inter tab navigation in multi page editors","enhancement",
405521,"---","platform-ui-triaged","NEW","---","[CSS] Provide default CSS styling for RCP applications running on compatibility layer","enhancement",
407238,"---","platform-ui-triaged","CLOSED","DUPLICATE","[DetachedView] Seperate window containing view has no title","normal",
409081,"4.4.2","alia","VERIFIED","FIXED","BIDI 4.2.2 : Welcome Page isn't correctly mirrored","normal",
415241,"---","platform-ui-triaged","NEW","---","[Markers] The Tasks View displays the same item multiple times if there are symbolic link duplicates","normal",
415965,"---","platform-ui-triaged","NEW","---","[QuickAccess]  ""Show whitespace characters"" is no longer in the ""Previous Choices"" after restart","normal",
376896,"---","platform-ui-triaged","VERIFIED","FIXED","[Contributions] Toolbar button order off in newly created window","normal",
123808,"---","platform-ui-triaged","ASSIGNED","---","[RCP] [WorkbenchParts] Allow app to hide actions in editor and view system menus","enhancement",
195672,"---","platform-ui-triaged","RESOLVED","WORKSFORME","[DetachedView] Search dialog misses some options, if called from detached package explorer","normal",
396974,"---","platform-ui-triaged","REOPENED","---","[Contributions] Multiple Parents for MenuContribution item","enhancement",
193670,"---","platform-ui-triaged","NEW","---","[Commands] org.eclipse.ui.commands/command extension point should define default contextId","enhancement",
257204,"---","platform-ui-triaged","NEW","---","[Contributions] CPD does not affect items visible in editors","normal",
428437,"---","platform-ui-triaged","NEW","---","[Contributions] Unable to delete resources in Project/Package explorer","normal",
367080,"---","Platform-UI-Inbox","NEW","---","[markers] bookmarks: Creation dialog has mandatory ""Name"", bookmarks view has optional ""Description""","minor",
212847,"---","platform-ui-triaged","RESOLVED","WONTFIX","[Markers] new Tasks view: can't delete task via toolbar anymore","normal",
212850,"---","platform-ui-triaged","RESOLVED","WONTFIX","[Markers] new Bookmarks view: can't delete bookmark via toolbar anymore","normal",
184796,"---","platform-ui-triaged","RESOLVED","WONTFIX","[QuickAccess] Quick access chooser looks too empty first time","normal","remy.suen"
435036,"---","platform-ui-triaged","NEW","---","[TabbedProperties] TabbedPropertySheet: Shortcut for Scrollbar not working","normal",
419082,"---","platform-ui-triaged","NEW","---","[Dialogs] [jface] When dialog is not resizable, help is un-responsive","normal",
417410,"---","platform-ui-triaged","NEW","---","[CellEditors] Status bar not updated when ""Select all"" action executed","normal",
272884,"3.6 M4","ob1.eclipse","REOPENED","---","[EditorMgmt] IWorkbenchPage#openEditors(IEditorInput[], ..) should add editors at front of MRU list","normal",
422467,4.4,"Platform-UI-Inbox","RESOLVED","MOVED","Performance and stability of Platform user interface","normal",
434153,"4.5 M1","lars.vogel","VERIFIED","FIXED","Cleanup JFace code in preparation for GSoc","normal",
436430,"---","Platform-UI-Inbox","RESOLVED","WORKSFORME","Allow larger images than 519 pixel in the N&N","enhancement",
435734,"---","platform-ui-triaged","NEW","---","[About] Eclipse SDK Installation Details Features page is not fit for purpose","normal",
436635,"4.5 M1","daniel_megert","RESOLVED","FIXED","""context menu > Show In"" broken on GTK+ 3","normal",
189959,"---","emoffatt","CLOSED","WORKSFORME","Allow for custom branded detached view windows","enhancement",
208233,"---","platform-ui-triaged","RESOLVED","WONTFIX","[Trim] Allow for sliding toolbars","enhancement",
214974,"---","platform-ui-triaged","NEW","---","[Workbench] Allow Workbench UI state to save/restore to user-provided Input/Output Streams","enhancement",
357282,"---","platform-ui-triaged","RESOLVED","FIXED","Provide fading feedback for large screen operations","enhancement",
279631,"---","platform-ui-triaged","NEW","---","[ViewMgmt] [Compatibility] View toolbar clips folder tab","normal",
284387,"---","platform-ui-triaged","NEW","---","[Contributions] [Compatibility] pagesite (Outline, Synchronize) actionbar contributions only show up once","normal",
284413,"---","Platform-UI-Inbox","RESOLVED","FIXED","[Model] [Compatibility] Create a model instance wizard","normal","emoffatt"
290008,"---","platform-ui-triaged","RESOLVED","WONTFIX","[DnD] Enhance drag and drop to automatically surface the view/editor if hidden in a tab","enhancement","emoffatt"
317379,"---","platform-ui-triaged","CLOSED","DUPLICATE","[DetachedView] [Presentations] All detached views pop up when user clicks on only one of the detached views or main window","enhancement",
318460,4.4,"platform-ui-triaged","RESOLVED","WORKSFORME","[Contributions] [Compatibility] Failed to open error log in I20100629-2126","major","daniel.rolka"
320733,"---","platform-ui-triaged","NEW","---","[Contributions] [WorkbenchLauncher] [Compatibility] Exception logged once when bringing up the 'Team' submenu","normal",
321864,"---","platform-ui-triaged","RESOLVED","FIXED","[Compatibility] Parts, placeholders, editor areas, and what they mean to the 3.x API","normal",
342911,"---","platform-ui-triaged","NEW","---","[ViewMgmt] [Compatibility] DBCS4.1 Problems view icon does not indicate error/warning in Eclipse 4.1","minor",
344638,"---","platform-ui-triaged","NEW","---","[ErrorHandling] Enhance the Logger's 'SHOW' dialog with one the contains the Error View","enhancement",
345762,"---","platform-ui-triaged","NEW","---","[Contributions] Tool bar in the photo demo's tab folder looks awful","major",
347643,"---","platform-ui-triaged","NEW","---","[Contributions] [Compatibility] Editor actions linger in toolbar when opening new workbench window","normal",
347829,"---","platform-ui-triaged","RESOLVED","WORKSFORME","[Contributions] PropertyTester not getting fired for objectContribution(s) unless view from providing plug-in is loaded.","normal","daniel.rolka"
348250,"---","platform-ui-triaged","NEW","---","[RenderingEngine] Context's are not correctly reparented in createGui","normal",
349144,"---","platform-ui-triaged","NEW","---","[EditorMgmt] [UI] Editor Stack selection needs refinement","normal",
356787,"---","platform-ui-triaged","NEW","---","[Wizards] Widget Dispose Error","normal",
366080,"---","platform-ui-triaged","NEW","---","expanding java editor that is not the currently selected editor causes screen painting issues","normal",
368588,"---","platform-ui-triaged","NEW","---","[Workbench] Workbench window toolbar configuration always goes to right justification","normal",
371586,"---","platform-ui-triaged","NEW","---","[Markers] Searching for markers: IllegalArgumentException: Comparison method violates its general contract!","minor",
371665,"---","platform-ui-triaged","NEW","---","[CSS] Need a low colour or high contrast theme in 4.2","normal",
372448,"---","platform-ui-triaged","RESOLVED","WORKSFORME","[CSS] Colour mismatch in the workbench toolbar","normal",
374051,"---","platform-ui-triaged","NEW","---","[JFace] SWTFocusBlockManager & FocusBlockHighlighter","enhancement",
375401,"---","platform-ui-triaged","NEW","---","[Intro] Minimizing Welcome/Intro hides toolbars","normal",
375734,"---","platform-ui-triaged","RESOLVED","FIXED","[Trim] make contributed trims moveable","normal",
378591,"---","platform-ui-triaged","NEW","---","[Contributions] Popupmenu: hide menu item by evaluating outcome of @CanExecute-annotated method","enhancement",
379557,"---","platform-ui-triaged","NEW","---","[Trim] [Min/Max] Maximize animations problematic on multi-monitor setups","minor",
380233,"4.5 M6","loskutov","RESOLVED","FIXED","[Trim] Right-clicking on the tool bar to customize it no longer works","normal",
382224,"---","platform-ui-triaged","RESOLVED","WONTFIX","[WorkbenchLauncher] Suggestion for an E4 Splash Screen Service","enhancement",
383746,"---","platform-ui-triaged","NEW","---","[About] Splash - missing space / About window - missing slash","trivial",
383793,"---","platform-ui-triaged","NEW","---","""Open Perspective"" toolbar button does not show menu with default perspectives","normal",
384548,"---","platform-ui-triaged","NEW","---","[Contributions] Two distinct break point view menus","normal",
385367,"---","platform-ui-triaged","NEW","---","[Contributions] Toolbar items do not appear in expected location.","normal",
387876,"---","platform-ui-triaged","NEW","---","[DND] Dragging tab to new folder should reselect the previous tab in older folder after drop","normal",
388625,"---","platform-ui-triaged","RESOLVED","WORKSFORME","[ViewMgmt] allow views to share space for a header and the toolbar","enhancement","emoffatt"
390980,"---","platform-ui-triaged","NEW","---","[Contributions] Plug-in example for 'popupMenu' uses deprecated popupMenu extension","enhancement",
392538,"---","platform-ui-triaged","NEW","---","[Trim] Placeholder & minimizing / maximizing error","normal",
392690,"---","platform-ui-triaged","NEW","---","[Trim] [Min/Max] FastView toolbar shows wrong icon when junit run causes Console and Junit views to appear","normal",
395329,"---","platform-ui-triaged","RESOLVED","FIXED","[CSS] Make the Drag and drop feedback color styleable through CSS","normal","daniel.rolka"
398814,"---","platform-ui-triaged","NEW","---","[DND] [EditorMgmt] Moving an unfocused editor does not keep the previously focused editor visible","normal",
403221,"---","platform-ui-triaged","NEW","---","[DetachedWindow] Eclipse secondary windows acts abnormally","normal",
88382,"---","platform-ui-triaged","ASSIGNED","---","[DetachedViews] Placeholder lost when view detached","normal",
367094,"---","platform-ui-triaged","ASSIGNED","---","[Compatibility] Programmatically created CommandContributionItems show wrong enablement state","normal",
133407,"---","platform-ui-triaged","ASSIGNED","---","[KeyBindings] prefernece page: Allow to limit Scheme-Selection in Keys-Preferences to only one","enhancement",
87012,"---","platform-ui-triaged","RESOLVED","WORKSFORME","[Commands] performance: Handler change events fired unnecessarily","normal",
304695,"4.5 M6","Platform-UI-Inbox","NEW","---","[Commands] View toolbar actions displayed in wrong place","normal",
90355,"---","platform-ui-triaged","RESOLVED","FIXED","[Contributions] [Coolbars] Investigate the performance of subactionbars","enhancement",
296775,"4.5 M5","loskutov","VERIFIED","FIXED","[Contributions] Breakup the CPD class","minor",
337665,"---","platform-ui-triaged","NEW","---","[Contributions] org.eclipse.ui.internal.PopupMenuExtender does not load all contributions after a registry modification","normal",
417443,"---","platform-ui-triaged","CLOSED","DUPLICATE","[Contributions] Strange toolbar with no items in ViewPart (changes on resize)","normal","daniel.rolka"
109978,"---","platform-ui-triaged","NEW","---","[Import/Export] wizard: names of import wizards","normal",
161639,"---","platform-ui-triaged","ASSIGNED","---","[KeyBindings][Commands][Contexts] Context or command undefined error using Keys preference page","normal",
36418,"---","platform-ui-triaged","NEW","---","[Markers] Please make extension point org.eclipse.ui.markerImageProviders public","enhancement",
432832,"---","platform-ui-triaged","NEW","---","[Dialogs] Apply button position is inconsistent in the Debug Configurations and Project Properties dialogs","minor",
430837,"---","platform-ui-triaged","NEW","---","[Viewers] Examples tree item in New -> Other dialog collapses right after expanding","normal",
436344,4.5,"lars.vogel","NEW","---","[Tests] Convert Eclipse platform.ui test suite to JUnit 4","normal",
441850,4.5,"lars.vogel","NEW","---","[Tests] Running the platform.ui tests as part of the Tycho build","normal",
