450028,4.5,"Platform-UI-Inbox","UNCONFIRMED","---","[pde] NPE in MultiPageEditorPart.deactivateSite","normal",
457390,"4.5 M6","d.zygann","NEW","---","[FastView] Deprecated Fast View API","normal",
460886,"4.5 M7","dirk.fauth","NEW","---","Update EventBroker usage in MenuManagerRenderer","normal",
328460,4.5,"lars.vogel","NEW","---","Go To next search result","normal",
361731,"4.5 M7","lars.vogel","NEW","---","Set size constraints on children of PartSashContainer","normal",
417258,"4.5 M7","lars.vogel","NEW","---","[Tests] Run org.eclipse.ui.tests during Tycho build","enhancement",
425987,4.5,"lars.vogel","NEW","---","[Graphics] Remove gifs from platform Git repos","minor",
427950,4.5,"lars.vogel","NEW","---","[Graphics] Use PNG files for the Eclipse platform project instead of GIF files","normal",
427999,"4.5 M6","lars.vogel","NEW","---","Introduce a 'full screen' mode","normal",
430764,"4.5 M6","lars.vogel","NEW","---","exception thrown when part is closed","normal",
431177,4.5,"lars.vogel","NEW","---","Mark outdated API from org.eclipse.ui.commands in Luna for deletion in Luna+2","enhancement",
431757,4.5,"lars.vogel","NEW","---","Throw InjectionException in @Execute if parameters cannot be fulfilled","normal",
433603,"4.5 M7","lars.vogel","NEW","---","[Tests] Get rid of warning messages in org.eclipse.ui.tests","normal",
435782,4.5,"lars.vogel","NEW","---","Problem Views - Replace Configure Contents... with a Filter button","enhancement",
436336,4.5,"lars.vogel","NEW","---","[Graphics] The Icon for expand/collapse node in a treeview is almost invisible when using dark theme","normal",
436506,4.5,"lars.vogel","NEW","---","[Eclipse 4.6] Delete org.eclipse.ui.views.tasklist.TaskList in Eclipse 4.6","normal",
440270,"4.5 M7","lars.vogel","NEW","---","[Graphics] Replace missing gifs in org.eclipse.jface with png files","normal",
440852,"4.5 M6","lars.vogel","NEW","---","[Workbench] Fix Non-externalized string literal warning in org.eclipse.e4.ui.workbench.addons.swt","normal",
442961,"4.5 M7","lars.vogel","NEW","---","Mark IContextComputer for deletion","normal",
448275,"4.5 M7","lars.vogel","NEW","---","Mark deprecated dialogs from org.eclipse.ui.dialogs for deletion","normal",
448832,"4.5 M7","lars.vogel","NEW","---","[Tests] [Workbench] Migrate org.eclipse.e4.ui.tests to JUnit 4","normal",
448887,"4.5 M7","lars.vogel","NEW","---","[Tests] Launch configurations should not include a Display setting","normal",
449736,"4.5 M7","lars.vogel","NEW","---","[Tests] Solve whitespace issues in org.eclipse.ui.tests plug-ins","normal",
450914,"4.5 M7","lars.vogel","NEW","---","Remove org.eclipse.e4.ui.workbench.swt.internal.copy package","normal",
453521,"4.5 M7","lars.vogel","NEW","---","[Tests] Remove Display setting in our default test launcher runconfigurations","normal",
453573,"4.5 M7","lars.vogel","NEW","---","[QuickAccess] Allow product builders to have the Quick Access Bar not shown by default","enhancement",
457214,"4.5 M6","lars.vogel","NEW","---","[Contributions] Redrawn in ToolBarManager should always turned of independent of the number of items","normal",
460005,"4.5 M7","lars.vogel","NEW","---","Use blocks for single statements in org.eclipse.e4.ui.workbench.addons.swt","normal",
460857,"4.5 M6","lars.vogel","NEW","---","Delete unused MenuRenderer","normal",
445538,"4.5 M6","loskutov","NEW","---","[Perspectives] Pin Editor command broken and can no longer be added to perspective's toolbar","major",
460555,"4.5 M6","loskutov","NEW","---","[EditorMgmt] Open with > Other... / Editor Selection dialog should provide search filter","enhancement",
444412,"4.5 M6","philip.wenig","NEW","---","Update EventBroker usage in PartRenderingEngine","normal",
392152,4.5,"Platform-UI-Inbox","NEW","---","eModelService.move(muielement, newParent) - java.lang.ArrayIndexOutOfBoundsException","normal",
437958,"4.5 M6","Platform-UI-Inbox","NEW","---","allow fragment to be contributed to multiple ids","normal",
438398,4.5,"Platform-UI-Inbox","NEW","---","Turning all editors not visible makes the Editors Area not visible as well","normal",
440033,4.5,"Platform-UI-Inbox","NEW","---","InjectionException: java.lang.StackOverflowError in org.eclipse.e4.ui.workbench.renderers.swt","major",
441119,4.5,"Platform-UI-Inbox","NEW","---","[Model] Addons with missing Class URI attribute create NPE in the Cleanup processors","normal",
458832,"4.5 M6","Platform-UI-Inbox","NEW","---","[Workbench] Replace deprecated Preference access in IDEWorkspacePreferencePage","normal",
459231,4.5,"Platform-UI-Inbox","NEW","---","[Contributions] [Perspectives] ""Reset Perspective"" does not reset the position of the toolbar","normal",
459479,"4.5 M7","Platform-UI-Inbox","NEW","---","[PropertiesView] IWorkbenchPage#findView(""org.eclipse.ui.views.PropertySheet"") doesn't work anymore","normal",
460405,"4.5 M6","Platform-UI-Inbox","NEW","---","Fix compiler problems from generified IAdaptable#getAdapter(..)","normal",
415382,4.5,"platform-ui-triaged","NEW","---","[Commands] Commands contributed from extensions remain after the plugin is gone","normal",
440086,4.5,"platform-ui-triaged","NEW","---","[CSS] Busy (italic) view title not redrawn promptly with Classic theme (Luna)","normal",
441135,"4.5 M7","platform-ui-triaged","NEW","---","[CSS] Syntax coloring preferences and annotation preferences not persisted on Dark theme","major",
441512,4.5,"platform-ui-triaged","NEW","---","Performance and stability of Platform user interface","normal",
441690,4.5,"platform-ui-triaged","NEW","---","[Dialogs] ""Switch to Editor"" dialog does not activate an editor open in inactive perspective","normal",
445802,"4.5 M7","platform-ui-triaged","NEW","---","[Progress] [Performance] Heavy progress reporting degrades performance","normal",
448640,4.5,"platform-ui-triaged","NEW","---","[CSS] [Help] org.eclipse.e4.ui.css.swt.theme extension point is not in Help","normal",
448889,"4.5 M7","platform-ui-triaged","NEW","---","[RCP] [Tests] org.eclipse.ui.tests.rcp are failling","normal",
448933,"4.5 M6","platform-ui-triaged","NEW","---","[browser] Opening new browser shows outdated content","normal",
452765,"4.5 M7","platform-ui-triaged","NEW","---","[Tests] org.eclipse.e4.ui.menu.tests are failing","normal",
453266,4.5,"platform-ui-triaged","NEW","---","[Graphics] Luna icons: are they enabled or not?","enhancement",
453436,4.5,"platform-ui-triaged","NEW","---","[ViewMgmt] The 'Show View' menu item doesn't open the secondary view","normal",
440247,"4.5 M7","simon.scholz","NEW","---","[Themes] Dark - Setting SWT colors for the Javadoc popup","normal",
442570,"4.5 M6","simon.scholz","NEW","---","[Contributions] Dynamic menu contributions are persisted to workbench.xmi","normal",
448656,"4.5 M7","simon.scholz","NEW","---","Update help Workbench User Guide > Reference > Preferences with Export CVS... info","normal",
449662,"4.5 M7","simon.scholz","NEW","---","[FilteredTree] Use FilteredTree from org.eclipse.e4.ui.dialogs in platform.ui","normal",
449898,"4.5 M6","simon.scholz","NEW","---","A FilteredCheckboxTreeViewer should also be availble in org.eclipse.e4.ui.dialogs","normal",
450414,"4.5 M6","simon.scholz","NEW","---","[Contributions] Toogle Split Editor Commands/Menu/Handler should be defined in an e4 fragment","normal",
451084,"4.5 M6","simon.scholz","NEW","---","[JFace] TableViewer doesnt update existing content if filter is active","normal",
451117,"4.5 M7","simon.scholz","NEW","---","Missing preference listener for Heap monitor","normal",
458055,"4.5 M6","simon.scholz","NEW","---","[CSS] [Dark] Forms header with buttons looks broken","normal",
459578,"4.5 M6","simon.scholz","NEW","---","[CSS] Add styling for ""Presentation"" mode","normal",
459961,"4.5 M6","stefan","NEW","---","[CSS] Add CSS support for 'transparent'","enhancement",
442285,"4.5 M6","thibaultleouay","NEW","---","Update EventBroker usage in StackRenderer","normal",
450541,"4.5 M6","tom.schindl","NEW","---","[Workbench] [Compatibility] WorkbenchWindowAdvisor#postWindowRestore() never fired","major",
442152,"4.5 M6","wojciech.sudol","NEW","---","WorkbenchSiteProgressServiceTest.testWaitCursor fails in official build","normal",
34076,4.5,"lars.vogel","NEW","---","[EditorMgmt] Automatic save of dirty editors","enhancement",
378485,"4.5 M6","loskutov","ASSIGNED","---","""Open With > Other..."" should allow to store as default","enhancement",
460984,"4.5 M6","loskutov","ASSIGNED","---","[cleanup] remove obsolete internal ProblemView","normal",
460988,"4.5 M6","loskutov","ASSIGNED","---","[cleanup] most of org.eclipse.ui.views.markers.internal is obsolete and should be removed","normal",
437484,"4.5 M6","markus_keller","ASSIGNED","---","[BiDi] Enforce text direction for  each segment of a File Path structured text","normal",
457877,"4.5 M6","markus_keller","ASSIGNED","---","ControlObservableValueTest.testObserveFocus fails on Hudson / Mac","normal",
458507,"4.5 M6","wojciech.sudol","ASSIGNED","---","E4 UI unit test failures on Mac","normal",
400771,4.5,"lars.vogel","REOPENED","---","[Perspectives] Wrong closeable status of Shared Part as Placeholder","major",
401043,"4.5 M7","lars.vogel","REOPENED","---","[Model] Replace container data with persistentData","normal","emoffatt"
405342,4.5,"lars.vogel","REOPENED","---","Label/Name of Command should be Label of MenuItem when not set","normal",
441168,4.5,"lars.vogel","REOPENED","---","Update all dependent plug-ins of org.eclipse.jface to Java 1.6","enhancement",
458266,"4.5 M6","loskutov","REOPENED","---","Closing a project does not close a dirty editor","normal",
74073,4.5,"platform-ui-triaged","REOPENED","---","[Mac] Closing window should not exit App","enhancement",
450710,4.5,"platform-ui-triaged","REOPENED","---","[Decorators] [platform] Plenty of Invalid registry object errors in LightweightDecoratorManager.decorate","normal",
450130,"4.5 M6","wojciech.sudol","REOPENED","---","[Perspectives] Sticky views no longer open in sticky folder after closing all perspectives","normal",
459249,"4.5 M6","akurtako","RESOLVED","FIXED","Modernize o.e.ui.examples.multipageeditor","normal",
459308,"4.5 M6","akurtako","RESOLVED","FIXED","Modernize o.e.ui.examples.propertysheet and readmetool","normal",
458334,"4.5 M6","Alain.LeGuennec","RESOLVED","FIXED","[CSS] Bug in CSSOneOfAttributeConditionImpl prevents correct matching of some elements","normal",
339663,"4.5 M6","bsd","RESOLVED","FIXED","[JFace] Image of ControlDecoration is visible outside composite when the scrolling a composite","major",
458811,"4.5 M6","christian.georgi","RESOLVED","FIXED","New workspace location preference needs polish","normal",
442440,"4.5 M2","cizbasa","RESOLVED","FIXED","[Markers] Parameter shadowing field in ExtendedMarkersView compared with itself.","normal",
440294,"4.5 M4","daniel.rolka","RESOLVED","FIXED","[Progress] ProgressAnimationItem toolbar button selection opens ProgressView","normal",
444369,"4.5 M2","daniel.rolka","RESOLVED","FIXED","[CSS] Custom description for new ThemeElement definition added by CSS gets ignored","normal",
396853,"4.5 M3","daniel_megert","RESOLVED","FIXED","[ViewMgmt] No longer possible to make a part visible without activating/forcing focus on it (was: When ""Reuse editor when displaying source code"" is not checked, the Inspect popup disappears immediately)","major",
442531,"4.5 M2","daniel_megert","RESOLVED","FIXED","We should not have empty performance targets","normal",
442644,"4.5 M3","david_williams","RESOLVED","INVALID","""core"" unit tests need to prevent ""workspace incompatible"" message?","normal",
444098,"4.5 M4","dirk.fauth","RESOLVED","FIXED","Update migration guide that the Eclipse context now contains the Locale directly instead of a String","normal",
446095,"4.5 M6","dirk.fauth","RESOLVED","FIXED","CCE in TrimStack if PerspectiveStack and Perspective uses the same ID","normal",
448561,"4.4.2","dirk.fauth","RESOLVED","FIXED","LocaleChangeServiceImpl does not process MWindow#sharedElements","normal",
459285,"4.5 M6","dirk.fauth","RESOLVED","FIXED","CCE in MinMaxAddon when trying to remove a perspective from a non MTrimmedWindow","normal",
460556,"4.5 M6","dirk.fauth","RESOLVED","FIXED","Menu items in main menu are not updated on setting visible flag","normal",
458219,"4.5 M6","eclipse","RESOLVED","FIXED","[Help][FastView] - Remove Fast View Help content","normal",
442354,"4.5 M3","eclipse.sprigogin","RESOLVED","FIXED","Provide N&N entry for the new monitoring plug-in","normal",
443463,"4.5 M3","eclipse.sprigogin","RESOLVED","FIXED","[UI Responsiveness Monitoring] Sends warnings even when idle on mac","normal",
443572,"4.5 M3","eclipse.sprigogin","RESOLVED","FIXED","[Performance] Option to report UI delay as error","enhancement",
443664,"4.5 M4","eclipse.sprigogin","RESOLVED","FIXED","[Performance] Provide user documentation for interactive UI monitoring plug-in","normal",
444407,"4.5 M3","eclipse.sprigogin","RESOLVED","FIXED","[Workbench] [Metadata] Uninformative messages related to early startup in the error log","normal",
444542,"4.5 M3","eclipse.sprigogin","RESOLVED","FIXED","Eliminate reliance on stack trace filters in UI Responsiveness Monitoring","enhancement",
444737,"4.5 M3","eclipse.sprigogin","RESOLVED","FIXED","ui.monitoring causing 'releng' unit test failure (missing 'about' file, and schema directory)","normal",
447871,"4.5 M3","eclipse.sprigogin","RESOLVED","FIXED","Make the UI reponsiveness monitoring preference page easier to understand for an average user","normal",
448141,"4.5 M3","eclipse.sprigogin","RESOLVED","FIXED","[UI Monitoring] Maximum expected event loop depth of 32 is exceeded on Windows","normal",
449546,"4.5 M4","eclipse.sprigogin","RESOLVED","FIXED","[responsiveness] No error logged when UI froze during opening type hierarchy on java.lang.Object on Mac","normal",
449833,"4.5 M4","eclipse.sprigogin","RESOLVED","FIXED","[Monitoring] A space is missing in the logged messages before ""Lock owner""","minor",
450219,"4.5 M4","eclipse.sprigogin","RESOLVED","FIXED","[Monitoring] Don't log stack traces of non-interesting threads","enhancement",
451262,"4.5 M4","eclipse.sprigogin","RESOLVED","FIXED","[responsiveness] Bad format of UI freeze duration","normal",
451266,"4.5 M4","eclipse.sprigogin","RESOLVED","FIXED","[responsiveness] Make ""non-interesting thread"" filter user configurable","normal",
453832,"4.5 M4","eclipse.sprigogin","RESOLVED","FIXED","N&N entry for UI responsiveness monitoring contains an out of date screenshot","normal",
453833,"4.5 M4","eclipse.sprigogin","RESOLVED","FIXED","[responsiveness] User documentation for UI responsiveness monitoring is slighly out of date","normal",
454916,"4.5 M5","eclipse.sprigogin","RESOLVED","FIXED","[UI Monitoring] wrongly logs UI freeze when view menu is open on Windows","normal",
458311,"4.5 M5","eclipse.sprigogin","RESOLVED","FIXED","[UI monitoring] Reporting of potential deadlocks is confusing","normal",
388359,"4.5 M5","lars.vogel","RESOLVED","FIXED","multiple versions of org.eclipse.jface cause trouble (key bindings and context menus no longer work)","major",
426511,4.5,"lars.vogel","RESOLVED","WONTFIX","Group parsing of command line arguments for the context in E4Application","normal",
430413,"4.5 M3","lars.vogel","RESOLVED","FIXED","org.w3c.dom.smil should be updated from org.eclipse.e4.rcp","normal",
431985,4.5,"lars.vogel","RESOLVED","WONTFIX","[Model] Add EModelService#removeTag() and addTag() API","normal","emoffatt"
433767,"4.5 M6","lars.vogel","RESOLVED","WORKSFORME","[Graphics] New PNG icons are not aligned","normal",
434189,"4.5 M3","lars.vogel","RESOLVED","FIXED","[CSS] org.eclipse.ui.internal.MessageLine cannot be styled","normal",
435494,4.5,"lars.vogel","RESOLVED","WONTFIX","Remove source features from platformUiTools.p2f","normal",
438609,"4.5 M1","lars.vogel","RESOLVED","WONTFIX","Deprecated org.eclipse.ui.activities extension point","normal",
438887,"4.5 M2","lars.vogel","RESOLVED","WONTFIX","Remove context menu entry ""Restore from local History""","normal",
440367,"4.5 M3","lars.vogel","RESOLVED","FIXED","Create org.eclipse.e4.ui.dialogs plug-in as home for porting useful bits of org.eclipse.ui.dialog","enhancement",
440720,"4.5 M1","lars.vogel","RESOLVED","WONTFIX","Group Window entries under one sub-menu","normal",
440955,"4.5 M3","lars.vogel","RESOLVED","FIXED","Fix warning for the missing bin folder in build.properties in org.eclipse.ui.workbench","normal",
440978,"4.5 M2","lars.vogel","RESOLVED","WONTFIX","Remove inconsistencies in platform menu contributions","normal",
440984,"4.5 M4","lars.vogel","RESOLVED","WONTFIX","Replace Perspective actions with commands in Eclipse menu","normal",
441150,"4.5 M6","lars.vogel","RESOLVED","FIXED","Cleanup work in the renderer classes","normal",
441263,"4.5 M3","lars.vogel","RESOLVED","FIXED","Update databinding plug-ins to Java 1.6","enhancement",
441280,"4.5 M4","lars.vogel","RESOLVED","FIXED","Move ""e4view"" from ViewRegistry to IWorkbenchRegistryConstants and document it","normal",
441431,"4.5 M2","lars.vogel","RESOLVED","WONTFIX","ExpressionContext implements IEvaluationContext","normal",
441849,"4.5 M2","lars.vogel","RESOLVED","WORKSFORME","Maven run for org.eclipse.ui.tests fails","normal",
442804,"4.5 M3","lars.vogel","RESOLVED","WORKSFORME","Migrate org.eclipse.ui.tests/docs to README.md","normal",
442960,"4.5 M3","lars.vogel","RESOLVED","INVALID","Delete OpenCloseTest","normal",
443186,"4.5 M4","lars.vogel","RESOLVED","WONTFIX","Remove main method from platform.ui test methods","normal",
443350,"4.4.2","lars.vogel","RESOLVED","FIXED","[CSS] No theme applied by default on Windows 8.x, Vista, XP","normal",
443514,"4.4.2","lars.vogel","RESOLVED","FIXED","Tooltips of parts are not translated in PartStack","normal",
443806,"4.5 M3","lars.vogel","RESOLVED","FIXED","[Tests] Update org.eclipse.ui.tests.harness to Junit 4","normal",
444070,"4.5 M4","lars.vogel","RESOLVED","FIXED","Reduce warning messages in the Platform.ui repository","normal",
444504,"4.5 M3","lars.vogel","RESOLVED","FIXED","Update org.eclipse.ui.views to Java 1.6","normal",
445313,"4.5 M3","lars.vogel","RESOLVED","FIXED","[Tests] Activate tests of org.eclipse.ui.tests.harness for Tycho","normal",
445317,"4.5 M3","lars.vogel","RESOLVED","FIXED","[Tests] Activate formatter and save actions for org.eclipse.ui.tests.harness and cleanup","normal",
445353,"4.5 M3","lars.vogel","RESOLVED","FIXED","Cleanup WizardProjectsImportPage","normal",
445455,"4.5 M4","lars.vogel","RESOLVED","WONTFIX","Remove redundancy in labels of the perspective menu entries","normal",
445609,"4.5 M3","lars.vogel","RESOLVED","FIXED","Add view description from ""org.eclipse.ui.views extension"" point as tooltip to the ""part descriptor"" of the app model","normal",
445663,"4.5 M4","lars.vogel","RESOLVED","FIXED","[Model] React to changed application model data for part data","major",
445726,"4.5 M4","lars.vogel","RESOLVED","FIXED","Replace usage of deprecated Platform.run with SafeRunner.run","normal",
445759,"4.5 M3","lars.vogel","RESOLVED","INVALID","Clean up of SplitHandler","normal",
445989,"4.5 M3","lars.vogel","RESOLVED","FIXED","Add missing @Override and @Deprecate annotations  to org.eclipse.jface.tests.databinding","normal",
446011,"4.5 M4","lars.vogel","RESOLVED","INVALID","Spaces in IPresentationEngine.SPLIT_HORIZONTAL and IPresentationEngine.SPLIT_HORIZONTAL","normal",
446093,"4.5 M4","lars.vogel","RESOLVED","FIXED","ViewRegistery fills MPartDescriptor category incorrectly","normal",
446233,"4.5 M3","lars.vogel","RESOLVED","FIXED","Remove org.eclipse.e4.ui.internal.workbench.ExitHandler, class also available in handlers package","normal",
446562,"4.5 M4","lars.vogel","RESOLVED","FIXED","[RCP] Execution Environment of org.eclipse.tests.rcp should be updated to Java1.6","normal",
448563,"4.5 M3","lars.vogel","RESOLVED","FIXED","Remove .project file from org.eclipse.ui.tests/data","normal",
448831,"4.5 M3","lars.vogel","RESOLVED","FIXED","HandleObjectManager should thrown IAE instead of NPE","normal",
449859,"4.5 M4","lars.vogel","RESOLVED","FIXED","Add method to org.eclipse.e4.ui.internal.workbench.URIHelper to check for valid bundleclass:// notation","normal",
450727,"4.5 M4","lars.vogel","RESOLVED","FIXED","NPE due to ThemeDefinitionElement violates supertype's API contract","normal",
450817,"4.5 M4","lars.vogel","RESOLVED","FIXED","[ViewMgmt] Show View should use the part category instead of the tag","normal",
450909,"4.5 M4","lars.vogel","RESOLVED","FIXED","[Tests] Enable org.eclipse.e4.core.commands.tests during Tycho build","normal",
451102,"4.5 M4","lars.vogel","RESOLVED","FIXED","Update org.eclipse.ui.startup schema description","normal",
456897,"4.5 M6","lars.vogel","RESOLVED","FIXED","[Workbench] Improve IExtensionRegistry handling","minor",
456898,"4.5 M6","lars.vogel","RESOLVED","WONTFIX","[Workbench] Improve EarlyStartup extensions handling","normal",
457798,"4.5 M5","lars.vogel","RESOLVED","FIXED","[IDE] ""Show In -> System Explorer"" should not run in UI thread","normal",
458220,"4.5 M6","lars.vogel","RESOLVED","FIXED","[Help] Update help context for perspective handling","normal",
458226,"4.5 M6","lars.vogel","RESOLVED","FIXED","Use StatusReporter in org.eclipse.ui.ide","normal",
458421,"4.5 M6","lars.vogel","RESOLVED","FIXED","Remove workaround ""newtablook"" tag for Bug 303982","normal",
458436,"4.5 M6","lars.vogel","RESOLVED","WORKSFORME","[Renderer] Avoid NPE in SWTPartRenderer if Icon URI is not valid","normal",
458829,"4.5 M6","lars.vogel","RESOLVED","FIXED","Move EHelpService to org.eclipse.e4.ui.services.help","normal",
460652,"4.5 M6","lars.vogel","RESOLVED","FIXED","Fix trailing whitespaces in org.eclipse.ui.ide","normal",
460715,"4.5 M6","lars.vogel","RESOLVED","FIXED","Comparator error in I20150224-0800 implies org.eclipse.ui.tests.navigator needs to be ""touched""","normal",
460987,"4.5 M6","lars.vogel","RESOLVED","FIXED","Remove testSuite parameter as Tycho 0.23 plans to remove its support (and new variable names in the pom)","trivial",
41431,"4.5 M6","loskutov","RESOLVED","FIXED","[EditorMgmt] Affected editors should be closed before executing project close or delete","normal",
180308,"4.5 M6","loskutov","RESOLVED","FIXED","[UX] Remove Print toolbar tool by default","normal",
205678,"4.5 M6","loskutov","RESOLVED","FIXED","[Clipboard] Using x11vnc with clipboard transfer causes eclipse to OOM","normal",
337588,"4.5 M6","loskutov","RESOLVED","FIXED","[EditorMgmt] Editor should have ""Close Tabs To The Right""","enhancement",
383569,"4.5 M6","loskutov","RESOLVED","FIXED","[Contributions] [Perspectives] ""Reset Perspective"" does not reset toolbar and menu contributions","normal",
411639,"4.5 M6","loskutov","RESOLVED","FIXED","Nullpointer in CustomizePerspectiveDialog when using a perspective that no longer exists","normal",
413329,"4.5 M6","loskutov","RESOLVED","FIXED","NPE in CustomizePerspectiveDialog in createMenuEntries","normal",
424638,"4.5 M6","loskutov","RESOLVED","FIXED","[Perspectives] AssertionFailedException in CustomizePerspectiveDialog","normal",
456510,"4.5 M6","loskutov","RESOLVED","FIXED","[Tests] Can't disable tests in CBI build","normal",
458728,"4.5 M6","loskutov","RESOLVED","FIXED","[ActivityMgmt] Enabling capability doesn't show toolbar buttons until restart","normal",
459964,"4.5 M6","loskutov","RESOLVED","FIXED","[performance] WorkbenchPage.findEditor is slow on not initialized editors","normal",
460503,"4.5 M6","loskutov","RESOLVED","FIXED","[Perspectives] Sometimes a button (""Save"") is not hideable from the toolbar","normal",
460528,"4.5 M6","loskutov","RESOLVED","FIXED","View tabs have never ""Close Tabs To The Left"" menu","minor",
200444,"4.5 M6","markus_keller","RESOLVED","FIXED","[IDE] Remove ""Copy of"" when copying a file","trivial",
327208,"4.5 M4","markus_keller","RESOLVED","FIXED","[Import/Export] Windows Explorer can't read zip when 'create only selected directories' selected","normal",
437485,"4.5 M6","markus_keller","RESOLVED","FIXED","[BiDi] Text alignment should follow the text direction for Text widget","normal",
443650,"4.5 M3","markus_keller","RESOLVED","FIXED","Comparator error in I20140909-1315: SWTCocoaEnhancerDelegate","normal",
444826,"4.5 M3","markus_keller","RESOLVED","FIXED","[JFace] ListEditor should select next item after Remove","enhancement",
457025,"4.5 M5","markus_keller","RESOLVED","FIXED","[BiDi] Extend applyBidiProcessing API to support visual input field","normal",
442459,"4.5 M6","mistria","RESOLVED","FIXED","[WorkingSets] Import as Project should use the same Working Set","enhancement",
459670,"4.5 M6","mistria","RESOLVED","FIXED","OpenFolderAsProjectAction should not use ProjectDescriptionReader","normal",
264072,"4.5 M4","noopur_gupta","RESOLVED","FIXED","[WorkbenchLauncher] Restart asks for the workspace to run","normal",
459641,"4.5 M6","noopur_gupta","RESOLVED","FIXED","[CPD] disabled/enabled state not reflected correctly on Action Set Availability page","normal",
458203,"4.5 M5","Platform-UI-Inbox","RESOLVED","WONTFIX","Update EventBroker usage in LazyStackRenderer","normal",
443092,"4.5 M5","platform-ui-triaged","RESOLVED","FIXED","[Contributions] NPE in DirectContributionItem.getExecutionContext(IEclipseContext context)","normal",
450212,"4.5 M4","platform-ui-triaged","RESOLVED","FIXED","[Tests] [Workbench] Migrate org.eclipse.e4.emf.xpath.test to JUnit 4","normal",
433450,"4.5 M3","simon.scholz","RESOLVED","FIXED","Use EModelService in ModeledPageLayout instead of the EMF factory","normal",
440366,"4.5 M4","simon.scholz","RESOLVED","FIXED","Make FilteredTree available for Eclipse 4 RCP application","enhancement",
443391,"4.5 M3","simon.scholz","RESOLVED","FIXED","[Tests] Migrate org.eclipse.ui.monitoring.tests to JUnit 4","normal",
444410,"4.5 M6","simon.scholz","RESOLVED","FIXED","Update EventBroker usage in WBWRenderer","normal",
444505,"4.5 M4","simon.scholz","RESOLVED","FIXED","Update org.eclipse.e4.emf.xpath to Java 1.6","normal",
444829,"4.5 M3","simon.scholz","RESOLVED","FIXED","Update org.eclipse.jface.tests.databinding.conformance  to Java 1.6","normal",
446616,"4.5 M6","simon.scholz","RESOLVED","FIXED","[JFace] Abstract SelectionDialog should be available in JFace","enhancement",
448060,"4.5 M3","simon.scholz","RESOLVED","FIXED","Remove internal SimpleListContentProvider","minor",
449022,"4.5 M4","simon.scholz","RESOLVED","FIXED","The getRealm() method of the SWTObservables class should be moved to a different class","normal",
449462,"4.5 M4","simon.scholz","RESOLVED","FIXED","The getRealm() method of the DisplayRealm class should be used","normal",
450097,"4.5 M4","simon.scholz","RESOLVED","FIXED","focusCellChanged method in CursorCellHighlighter causes a NPE","normal",
450187,"4.5 M4","simon.scholz","RESOLVED","WONTFIX","IPresentationEngine should contain constants for View and Editor tags","normal",
450207,"4.5 M4","simon.scholz","RESOLVED","FIXED","Use constants for commonly used tags","normal",
451214,"4.5 M4","simon.scholz","RESOLVED","FIXED","Unhelpful NPE in ShowInMenu","normal",
452350,"4.5 M4","simon.scholz","RESOLVED","WONTFIX","Itemsfilter should generally perform implicit prefix matching","normal",
460165,"4.5 M6","simon.scholz","RESOLVED","FIXED","Update org.eclipse.e4.ui.dialogs to Java 1.7","normal",
460380,"4.5 M6","simon.scholz","RESOLVED","FIXED","Change CheckboxTreeViewe#setCheckedChildren from private to protected","normal",
459983,"4.5 M6","stefanfranz.weiser","RESOLVED","FIXED","ResourceLeak in CSSResourcesHelpers (getCSSFontPropertiesKey)","critical",
448892,"4.5 M4","t.leouay","RESOLVED","FIXED","[Tests] Migrate org.eclipse.ui.tests.rcp to JUnit 4","normal",
450209,"4.5 M4","thibaultleouay","RESOLVED","FIXED","[Tests] [Workbench] Migrate org.eclipse.e4.core.commands.tests to JUnit 4","normal",
449025,"4.5 M4","tom.schindl","RESOLVED","FIXED","[Mac] [Viewers] Changing label provider of tree viewer giving exceptions in mac","major",
453857,"4.4.2","tom.schindl","RESOLVED","FIXED","[RenderingEngine] CTabFolder layouts content too often / too many of them","normal",
460414,"4.5 M6","tom.schindl","RESOLVED","FIXED","Activities are not applied when using perspectiveExtension with view relationship=""stack""","major",
460600,"4.5 M6","tom.schindl","RESOLVED","FIXED","PostSelection distribution does not work until view is activated at least once","major",
444840,"4.5 M6","tomasz.zarna","RESOLVED","FIXED","[IDE] IDE.getEditorId(IFileStore) is private","enhancement",
454633,"4.5 M6","tparker","RESOLVED","FIXED","Report the cumulative error status of job groups in the ProgressManager","major",
435421,"4.4.2","wojciech.sudol","RESOLVED","FIXED","Active Part is incorrect and does not have focus on a restart","major",
459761,"4.5 M6","akurtako","VERIFIED","FIXED","Remove redundant superinterface in JFace","normal",
438736,"4.4.1","bsd","VERIFIED","FIXED","[Model] [model assembler] Fragments are processed in the wrong order.","critical",
432480,"4.5 M5","christian.georgi","VERIFIED","FIXED","[Workbench] [Preferences] Preferences -> General -> Workspace should show workspace location and have option show Workspace location","enhancement",
441329,"4.5 M2","christian.georgi","VERIFIED","FIXED","Option to disable workspace version check if workspace is too new","enhancement",
439988,"4.4.2","daniel.rolka","VERIFIED","FIXED","[ActivityMgmt] Activities should allow default enablement to be controlled by product definition","major",
440093,"4.4.1","daniel.rolka","VERIFIED","FIXED","[Import/Export] Button label truncation on Import/Export Preferences dialogs","normal",
440095,"4.4.1","daniel.rolka","VERIFIED","FIXED","[Contributions] Tooltips for command","normal",
440199,"4.4.1","daniel.rolka","VERIFIED","FIXED","[Preferences] FileEditorsPreferencePage reuses a GridData instance for two different controls","trivial",
440228,"4.4.1","daniel.rolka","VERIFIED","FIXED","[Contributions] DynamicToolBarContributionItem needs to proxy more methods","normal",
440237,"4.4.1","daniel.rolka","VERIFIED","FIXED","[Preferences] Startup and shutdown preference page: Restore defaults does not work as expected","minor",
440240,"4.4.1","daniel.rolka","VERIFIED","FIXED","[WorkingSets] updating of working sets during workbench restore can cause loss of working sets","normal",
440304,"4.4.1","daniel.rolka","VERIFIED","FIXED","[Progress] Every user-job causes a busy cursor to be shown for a minimum of 250ms","normal",
440319,"4.4.1","daniel.rolka","VERIFIED","FIXED","[QuickAccess] Ctrl+3 dialog too small in High Contrast","normal",
443845,"4.4.2","daniel.rolka","VERIFIED","FIXED","[CSS] Console tab flickers when not active","major",
441844,"4.4.1","daniel_megert","VERIFIED","FIXED","IWorkbenchPartOrientation.getOrientation() is no longer called","major",
442635,"4.4.1","daniel_megert","VERIFIED","FIXED","TVT Heb: Bidi problem in sample text","normal",
444827,"4.5 M3","daniel_megert","VERIFIED","FIXED","getViewStack does not return ViewParts in last visited order","normal",
457469,"4.5 M5","daniel_megert","VERIFIED","FIXED","Failures in UITestSuite","critical",
458141,"4.4.2","daniel_megert","VERIFIED","FIXED","ProgressManagerUtil.getDefaultParent() does not honor splash shell -> new shell hidden behind splash screen","major",
428621,"4.5 M5","dirk.fauth","VERIFIED","FIXED","Add a service to support locale changes at runtime in the UI implementation","enhancement",
443082,"4.5 M2","eclipse.sprigogin","VERIFIED","FIXED","Constant logging of UI delays even when user does not do anything","normal",
443266,"4.5 M2","eclipse.sprigogin","VERIFIED","FIXED","OK button is improperly disabled in Event Loop Monitor preference page","normal",
443632,"4.5 M2","eclipse.sprigogin","VERIFIED","FIXED","[Performance] Event Loop Monitor prefs page: UI bugs","normal",
443663,"4.5 M2","eclipse.sprigogin","VERIFIED","FIXED","[Performance] Improve meta-data","normal",
443743,"4.5 M2","eclipse.sprigogin","VERIFIED","FIXED","[Performance][Win32] org.eclipse.ui.monitoring logs while main menu is open / shell is resized / ...","major",
443898,"4.5 M3","eclipse.sprigogin","VERIFIED","FIXED","[Performance] Issue warning if earlyStartup plug-in runs longer than X","enhancement",
444192,"4.5 M2","eclipse.sprigogin","VERIFIED","FIXED","Enable warnings for non-externalized strings in org.eclipse.ui.monitoring","normal",
444200,"4.5 M2","eclipse.sprigogin","VERIFIED","FIXED","UI Responsiveness Monitoring logs bogus warning when Open File dialog is open on Mac Cocoa","normal",
327086,"4.5 M1","lars.vogel","VERIFIED","FIXED","[DataBinding] Deprecate binding methods of SWTObservables","normal","qualidafial"
330453,"4.5 M5","lars.vogel","VERIFIED","FIXED","[FastView] Should remove preferences related to fast views from preference pages","normal",
402439,"4.5 M2","lars.vogel","VERIFIED","FIXED","[Viewers] Simplify access to concrete selection in viewer classes","enhancement",
421934,"4.5 M2","lars.vogel","VERIFIED","FIXED","Enable save actions for org.eclipse.jface and jface databinding examples","enhancement",
425962,"4.5 M1","lars.vogel","VERIFIED","FIXED","[New Contributors] Remove (non-Javadoc) @see statements if @Override is used","normal",
430848,"4.5 M5","lars.vogel","VERIFIED","FIXED","[Themes] Background changes to dark during the startup splash screen","normal",
430981,"4.5 M2","lars.vogel","VERIFIED","FIXED","Add type information to IServiceLocator.getService","normal",
430988,"4.5 M4","lars.vogel","VERIFIED","FIXED","Show View should work on application model instead of ViewRegistry","normal",
431178,"4.5 M1","lars.vogel","VERIFIED","FIXED","Remove ICompatibleWorkbenchPage and org.eclipse.ui.workbench.compatibility","normal",
433341,"4.5 M1","lars.vogel","VERIFIED","FIXED","Syntax error in TestUtil in org.eclipse.e4.ui.menu.tests","normal",
434208,"4.5 M1","lars.vogel","VERIFIED","FIXED","Eclipse4 - unnecessary assertion which cannot fail","normal",
434813,"4.5 M3","lars.vogel","VERIFIED","FIXED","Deprecated org.eclipse.ui.internal.PerspectiveSwitcher","normal",
436503,"4.5 M1","lars.vogel","VERIFIED","FIXED","[CSS] Delete deprecated CSS extension points","normal",
439596,"4.5 M1","lars.vogel","VERIFIED","FIXED","Remove  ""git_report"" directory from eclipse.platform.ui Git repository","normal",
440080,"4.5 M1","lars.vogel","VERIFIED","FIXED","Delete used private method in JFaceResources","normal",
440136,"4.5 M3","lars.vogel","VERIFIED","FIXED","Delete org.eclipse.ui.presentations from the org.eclipse.ui.workbench plug-in","normal",
440149,"4.5 M1","lars.vogel","VERIFIED","FIXED","[About] Cleanup in AboutDialog","normal",
440252,"4.5 M1","lars.vogel","VERIFIED","FIXED","Minor cleanup in MenuManager","normal",
440381,"4.5 M2","lars.vogel","VERIFIED","FIXED","Remove useNewLook option from org.eclipse.e4.ui.workbench.swt.internal.copy.FilteredTree","normal",
440395,"4.5 M1","lars.vogel","VERIFIED","FIXED","Delete org.eclipse.ui.internalPerspectiveSwitcher","normal",
440397,"4.5 M1","lars.vogel","VERIFIED","FIXED","Delete org.eclipse.ui.internal.PerspectiveBarManager","normal",
440402,"4.5 M1","lars.vogel","VERIFIED","FIXED","Remove SaveAllAction, SaveAsAction, SaveAction","normal",
440405,"4.5 M1","lars.vogel","VERIFIED","FIXED","Delete org.eclipse.ui.internal.BaseSaveAction","normal",
440426,"4.4.1","lars.vogel","VERIFIED","FIXED","Local Change Service cannot process MWindows which do not include a main menu","normal",
440435,"4.4.1","lars.vogel","VERIFIED","FIXED","Localization of MPart > MToolItems fails","normal",
440444,"4.5 M1","lars.vogel","VERIFIED","FIXED","Add Javadoc for @Message and the usage of ReferenceType","normal",
440445,"4.5 M1","lars.vogel","VERIFIED","FIXED","@Message should use contributionURI instead of contributorURI","normal",
440735,"4.5 M1","lars.vogel","VERIFIED","FIXED","Remove unnecessary dependency of org.objenesis from org.eclipse.ui.tests","normal",
440739,"4.5 M1","lars.vogel","VERIFIED","FIXED","Add missing @Override annotations to the JFace viewer tests","normal",
440810,"4.5 M2","lars.vogel","VERIFIED","FIXED","Fix warnings in platform.ui due to the introduction of generics in IServiceLocator","normal",
440847,"4.5 M1","lars.vogel","VERIFIED","FIXED","Fix warning: An entry for OSGI-INF/ is required in bin.includes for org.eclipse.ui.workbench","normal",
440893,"4.5 M1","lars.vogel","VERIFIED","FIXED","Remove unneccesary casts in platform.ui tests","normal",
440896,"4.5 M2","lars.vogel","VERIFIED","FIXED","Update org.eclipse.ui.ide.application to Java 1.6 and fix raw warnings","normal",
440968,"4.5 M1","lars.vogel","VERIFIED","FIXED","Usage of menu.label in plugin.properties of org.eclipse.ui.ide.application is ambivalent","normal",
440975,"4.5 M2","lars.vogel","VERIFIED","FIXED","Remove unused coolbarPopupMenuManager from WorkbenchActionBuilder","normal",
440980,"4.5 M1","lars.vogel","VERIFIED","FIXED","Delete ShowViewAction","normal",
441015,"4.5 M2","lars.vogel","VERIFIED","FIXED","Provide out-of-the-box monitoring of UI delays","enhancement",
441041,"4.5 M1","lars.vogel","VERIFIED","FIXED","Delete empty OpenCloseTest from org.eclipse.ui.tests","normal",
441114,"4.5 M2","lars.vogel","VERIFIED","FIXED","Update org.eclipse.ui.navigator to Java 1.6","normal",
441118,"4.4.1","lars.vogel","VERIFIED","FIXED","Mark org.eclipse.e4.ui.workbench.addons.splitteraddon as x-internal","normal",
441120,"4.5 M2","lars.vogel","VERIFIED","FIXED","Update EventBroker usage in SashRenderer","normal",
441184,"4.5 M3","lars.vogel","VERIFIED","FIXED","Delete org.eclipse.ui.presentationFactories extension point","normal",
441251,"4.5 M2","lars.vogel","VERIFIED","FIXED","[RenderingEngine] Request API to Render Child-Windows as Top-Level-Windows (not on top of main window)","normal",
441267,"4.5 M2","lars.vogel","VERIFIED","FIXED","Avoid calling empty dispose() method in ViewRegistry and remove method","normal",
441281,"4.5 M2","lars.vogel","VERIFIED","FIXED","[Workbench] Use Logger in ViewRegistry instead of WorkbenchPlugin.log","normal",
441367,"4.4.1","lars.vogel","VERIFIED","FIXED","Backport fix for Translation service and @Message","enhancement",
441742,"4.5 M2","lars.vogel","VERIFIED","FIXED","InjectorFactory Tag '@noextend' is unsupported on a final class","normal",
441855,"4.5 M2","lars.vogel","VERIFIED","FIXED","Add README.md to org.eclipse.ui.tests","normal",
441874,"4.5 M2","lars.vogel","VERIFIED","FIXED","[model] mark Eventbroker.logger as @Optional","minor",
441877,"4.5 M2","lars.vogel","VERIFIED","FIXED","Include all test suites in org.eclipse.ui.tests in the Tycho test scope","normal",
441937,"4.5 M2","lars.vogel","VERIFIED","FIXED","Retire PartsReferencesTestSuite and related tests","normal",
442027,"4.5 M2","lars.vogel","VERIFIED","FIXED","Delete unused files from org.eclipse.ui.tests","normal",
442043,"4.5 M2","lars.vogel","VERIFIED","FIXED","Failing IEditorRegistryTest (via Tycho) gives no indication where it fails","normal",
442278,"4.5 M5","lars.vogel","VERIFIED","FIXED","Use getStructuredSelection() from StructuredViewer in platform.ui code","normal",
442350,"4.5 M2","lars.vogel","VERIFIED","FIXED","Project settings for org.eclipse.ui.monitoring and org.eclipse.ui.monitoring.tests","normal",
442777,"4.5 M2","lars.vogel","VERIFIED","FIXED","Add @Override and @Deprecated annotations to org.eclipse.ui.navigator","enhancement",
443061,"4.5 M2","lars.vogel","VERIFIED","FIXED","Remove unused dependency to org.objenesis from org.eclipse.e4.ui.tests.css.swt","normal",
443099,"4.5 M2","lars.vogel","VERIFIED","FIXED","Enable org.eclipse.e4.ui.tests.css.core tests for platform.ui build","normal",
443139,"4.5 M2","lars.vogel","VERIFIED","FIXED","Remove maven.test.skip=true skipTests=true from Gerrit build job for platform.ui","normal",
443207,"4.5 M2","lars.vogel","VERIFIED","FIXED","Gerrit build job for platform.ui - replace R4_3_maintenance with R4_4_maintenance","normal",
443390,"4.5 M2","lars.vogel","VERIFIED","FIXED","Add missing annotations to org.eclipse.ui.ide","normal",
443395,"4.5 M2","lars.vogel","VERIFIED","FIXED","Missing missing annotations to org.eclipse.ui.tests","trivial",
443399,"4.5 M3","lars.vogel","VERIFIED","FIXED","[DataBinding] Deprecate outdated BeansObservables and PojoObservables","normal",
443603,"4.5 M2","lars.vogel","VERIFIED","FIXED","Add missing annotations to org.eclipse.ui.ide.application","normal",
443635,"4.5 M2","lars.vogel","VERIFIED","FIXED","[Contributions] NPE in ShowInMenu","normal",
443678,"4.5 M2","lars.vogel","VERIFIED","FIXED","[Metadata] Activate org.eclipse.ui.monitoring.tests tests during Tycho build","normal",
443765,"4.5 M2","lars.vogel","VERIFIED","FIXED","Delete unused org.eclipse.e4.ui.compatibility.tests plug-in","normal",
443771,"4.5 M2","lars.vogel","VERIFIED","FIXED","Remove org.eclipse.ui.presentationFactories from org.eclipse.platform.doc.isv","normal",
443804,"4.5 M2","lars.vogel","VERIFIED","FIXED","[Tests] Update org.eclipse.ui.tests.harness to Java 1.6","normal",
443904,"4.5 M2","lars.vogel","VERIFIED","FIXED","[Tests] Update org.eclipse.ui.tests.performance to Java 1.6","normal",
443905,"4.5 M2","lars.vogel","VERIFIED","FIXED","[Tests] Delete performance tests for deprecated (and unsupported) PresentationAPI","normal",
444233,"4.5 M3","lars.vogel","VERIFIED","FIXED","Remove org.eclipse.newDynamicMenuContribution outside of org.eclipse.ui.tests","normal",
445174,"4.5 M3","lars.vogel","VERIFIED","FIXED","[Tests] Activate formatter and save actions for org.eclipse.ui.tests.harness and clean code","normal",
445446,"4.5 M3","lars.vogel","VERIFIED","FIXED","Fix warnings in Eclipse build","normal",
445449,"4.5 M3","lars.vogel","VERIFIED","FIXED","[Tests] Enable formatter and save actions for all Eclipse platform.ui test plug-ins","normal",
445484,"4.5 M3","lars.vogel","VERIFIED","FIXED","Remove support for org.eclipse.core.runtime.compatibility in EarlyStartupRunnable","normal",
445664,"4.5 M3","lars.vogel","VERIFIED","FIXED","[CSS] Theme switching should not happen during the selection of the drop-down box","normal",
445723,"4.5 M3","lars.vogel","VERIFIED","FIXED","Rename IHelpService to EHelpService","normal",
445724,"4.5 M5","lars.vogel","VERIFIED","FIXED","Context access should use use short .class form","normal",
446088,"4.5 M3","lars.vogel","VERIFIED","FIXED","Move parsing of application model URI in E4Application into a method","normal",
446965,"4.4.2","lars.vogel","VERIFIED","FIXED","EditorInputPropertyTester called for IEditorPart with IEditorInput set","normal",
449452,"4.5 M4","lars.vogel","VERIFIED","FIXED","Integrate org.eclipse.e4.ui.dialogs into the org.eclipse.e4.rcp feature","normal",
450411,"4.5 M5","lars.vogel","VERIFIED","FIXED","[Model] EPartService should contain a method, which checks if an MPart is shown in a certain Perpective","normal",
452764,"4.5 M5","lars.vogel","VERIFIED","FIXED","[Tests] Migrate org.eclipse.e4.ui.menu.tests  to JUnit 4","normal",
454712,"4.5 M5","lars.vogel","VERIFIED","FIXED","[ViewMgmt] [Min/Max] CCE PartImpl cannot be cast to MElementContainer","normal",
455165,"4.5 M5","lars.vogel","VERIFIED","FIXED","[Workbench] org.eclipse.ui.startup should mark the class attribute as mandatory","major",
455532,"4.5 M5","lars.vogel","VERIFIED","FIXED","[JFace][snippets] Update jface.snippets to Java 8","normal",
456697,"4.5 M5","lars.vogel","VERIFIED","FIXED","Update org.eclipse.ui.workbench to use line lenght of 120","normal",
456726,"4.5 M5","lars.vogel","VERIFIED","FIXED","Add toString() to various platform UI elements for debugging","normal",
456727,"4.5 M5","lars.vogel","VERIFIED","FIXED","Code cleanup: make Perspective code warnings free","normal",
456729,"4.5 M5","lars.vogel","VERIFIED","FIXED","Move CustomizePerspectiveDialog and TreeManager to ""cpd"" package","normal",
456882,"4.5 M5","lars.vogel","VERIFIED","FIXED","[Viewers] PreferencesContentProvider can return illegally null in getElements","normal",
456893,"4.5 M5","lars.vogel","VERIFIED","FIXED","Minor cleanup in the preference export wizard","normal",
457132,"4.5 M5","lars.vogel","VERIFIED","FIXED","Missing log enty for incorrectly org.eclipse.ui.startup contribution","normal",
457198,"4.5 M5","lars.vogel","VERIFIED","FIXED","[Trim] Cleanup CoolBarToTrimManager and ToolBarManagerRenderer","normal",
457211,"4.5 M5","lars.vogel","VERIFIED","FIXED","[JFace] Cleanup ToolBarManager","normal",
457237,"4.5 M5","lars.vogel","VERIFIED","FIXED","[Contributions] Use EModelService instead of MenuFactoryImpl in CoolBarToTrimManager","normal",
457354,"4.5 M5","lars.vogel","VERIFIED","FIXED","Misleading Javadoc in CustomizeActionBars","normal",
457384,"4.5 M5","lars.vogel","VERIFIED","FIXED","[Perspectives] Rename ""Command Groups Availability"" tab to ""Action Set Availability"" in CPD","normal",
457434,"4.5 M5","lars.vogel","VERIFIED","FIXED","[Help] Use EHelpService in ShowViewDialog","normal",
457719,"4.5 M5","lars.vogel","VERIFIED","FIXED","[UI Monitoring] Specify the test suite directly","normal",
457867,"4.5 M5","lars.vogel","VERIFIED","FIXED","[Tests] Update org.eclipse.ui.tests.navigator to Java 1.6","normal",
457954,"4.5 M5","lars.vogel","VERIFIED","FIXED","comparator error in I20150120-0800","normal",
458062,"4.5 M5","lars.vogel","VERIFIED","FIXED","Incorrect Provider name and plug-in name in org.eclipse.e4.ui.dialogs","normal",
458114,"4.5 M5","lars.vogel","VERIFIED","FIXED","Add top level .settings folder to .gitignore","normal",
458391,"4.5 M6","lars.vogel","VERIFIED","FIXED","[Examples][CSS] Move EclipseCon Europe CSS migration example  to Github","normal",
458418,"4.5 M5","lars.vogel","VERIFIED","FIXED","Typo in extension point description of Navigator extension point","normal",
458524,"4.5 M6","lars.vogel","VERIFIED","FIXED","[Dialogs] Increase the value of COMBO_HISTORY_LENGTH in WizardDataTransferPage","enhancement",
393391,"4.5 M5","loskutov","VERIFIED","FIXED","[Contributions] can't re-enable toolbars in ""customize perspective""","normal",
404348,"4.5 M5","loskutov","VERIFIED","FIXED","Global toolbar does not change","normal",
421388,"4.5 M5","loskutov","VERIFIED","FIXED","[Contributions] Customize perspective doesn't work","normal",
428729,"4.5 M5","loskutov","VERIFIED","FIXED","[Perspectives][CPD] Cannot re-add the ""File"" Toolbar after disabling it accidentally","major",
458261,"4.5 M5","loskutov","VERIFIED","FIXED","Error messages from early startup should be more descriptive","normal",
356360,"4.4.1","markus_keller","VERIFIED","FIXED","Broken Javadoc link: org.eclipse.platform.doc.isv/reference/api/org/eclipse/core/databinding/UpdateStrategy.DefaultConverter.html","normal",
441126,"4.4.1","markus_keller","VERIFIED","FIXED","PreTVT44:[BiDi] (bidi)The warning fly-over of appearance theme is not positioned correctly on bidi locales","normal",
442616,"4.4.1","markus_keller","VERIFIED","FIXED","TVT Heb: Command field must be LTR","normal",
443506,"4.5 M2","markus_keller","VERIFIED","FIXED","remove macosx 32bit fragment from rcp feature","blocker",
443668,"4.5 M2","mistria","VERIFIED","FIXED","Tycho surfire tests fails with unexpected error on org.eclipse.e4.ui.tests.css.core","normal",
458397,"4.5 M5","mistria","VERIFIED","FIXED","[Navigator] Nested projects don't react to project creation","normal",
405788,"4.5 M5","platform-ui-triaged","VERIFIED","FIXED","[Perspectives] Perspective element is still checked after removing","minor",
426020,"4.5 M5","platform-ui-triaged","VERIFIED","FIXED","[Perspectives] Customize Perspective toolbar settings not remembered","minor",
437326,"4.5 M5","platform-ui-triaged","VERIFIED","FIXED","[Perspectives] Customize Perspective: Missing/Hidden ""Show selected element only""","normal",
438659,"4.5 M1","platform-ui-triaged","VERIFIED","FIXED","[Metadata] comparator errors in weekly I-build: I20140701-0800","normal",
443103,"4.4.1","platform-ui-triaged","VERIFIED","FIXED","[Perspectives] Perspective does not open after closing all perspectives and opening Welcome page","normal",
447684,"4.5 M5","platform-ui-triaged","VERIFIED","FIXED","[Perspectives][CPD] The Make Item Visible Box does not redirect to the Command Group Availability tab if you select yes","normal",
432820,"4.4.1","pwebster","VERIFIED","FIXED","[KeyBindings] DBCS4.4: Split Editor (Horizontal) key binding does not correct in JP keymap","normal",
438439,"4.5 M1","pwebster","VERIFIED","FIXED","Mars bug prioritization","normal",
438919,"4.4.1","pwebster","VERIFIED","FIXED","[Workbench] ClassCastException: org.eclipse.ui.testing.ContributionInfo cannot be cast to org.eclipse.gef.EditPart","major",
439258,"4.5 M2","pwebster","VERIFIED","FIXED","Inactive committer clean up for Platform UI","normal",
442214,"4.5 M2","pwebster","VERIFIED","FIXED","Incorrect method argument: ""eRef"" instead of ""vRef"" in WorkbenchPage.","normal",
442215,"4.5 M2","pwebster","VERIFIED","FIXED","Possible NPE in NewKeysPreferencePage","normal",
450701,"4.5 M5","pwebster","VERIFIED","FIXED","[Workbench] [platform] NPE in BundleUtility.isActivated","normal",
458595,"4.5 M5","pwebster","VERIFIED","FIXED","Add version 54.1.1 ICU4J for Mars release - need to touch org.eclipse.e4.rcp","normal",
81202,"4.5 M5","sarika.sinha","VERIFIED","FIXED","[Preferences] Preference/property page: Want only 'Apply' but no default","enhancement",
430370,"4.5 M5","simon.scholz","VERIFIED","FIXED","[CSS] Provide CSS handler for Forms Section element","normal",
431635,"4.5 M5","simon.scholz","VERIFIED","FIXED","[CSS] [dark theme] Remove gradient from Section headers in Form editors","normal",
442343,"4.5 M5","simon.scholz","VERIFIED","FIXED","Additional cleanup work in the JFace snippets","normal",
449872,"4.5 M4","simon.scholz","VERIFIED","FIXED","New org.eclipse.e4.ui.dialogs causes compile warnings in official build","normal",
454143,"4.5 M5","simon.scholz","VERIFIED","FIXED","[ViewMgmt] View Management issues introduced during 4.5 M4 development","normal",
454357,"4.5 M5","simon.scholz","VERIFIED","FIXED","Field for workspace setting in preferences to small for WS > 10","normal",
455527,"4.5 M5","simon.scholz","VERIFIED","FIXED","Use isPartOrPlaceholderInPerspective in Show View","normal",
419377,"4.5 M4","stefan","VERIFIED","FIXED","[CSS] Setting a property to 'inherit' fires a IllegalStateException","normal",
458342,"4.5 M5","stefan","VERIFIED","FIXED","[CSS] Multiple Stylesheets are not cascaded","normal",
437747,"4.4.1","steven","VERIFIED","FIXED","A part's view menu does not work after opening the menu, closing the part, and then reopening the part","critical",
439244,"4.5 M1","szymon.ptaszkiewicz","VERIFIED","FIXED","org.eclipse.equinox.launcher.source bundle missing in SDK since 4.3","major",
443094,"4.5 M5","thibaultleouay","VERIFIED","FIXED","[Tests] Move org.eclipse.e4.ui.tests.css.swt tests to JUnit 4","normal",
453557,"4.5 M5","thibaultleouay","VERIFIED","FIXED","Update org.eclipse.e4.emf.xpath and org.eclipse.e4.emf.xpath.test to Java 7","normal",
457870,"4.5 M6","thibaultleouay","VERIFIED","FIXED","[Tests] Update org.eclipse.ui.tests.navigator to JUnit 4","normal",
429308,"4.4.2","timo.kinnunen","VERIFIED","FIXED","Make workspace selection dialog visible in the task manager of the OS","major",
169947,"4.5 M3","wojciech.sudol","VERIFIED","FIXED","[EditorMgmt] Should not show dialog when closing workbench window with dirty editor opened in another window","normal",
394900,"4.5 M5","wojciech.sudol","VERIFIED","FIXED","[Import/Export] Import existing projects broken by mal-formed .project file","normal",
440711,"4.5 M2","wojciech.sudol","VERIFIED","FIXED","[EditorMgmt] Eclipse does not prompt to save dirty editors open outside active perspective","major",
449188,"4.4.2","wojciech.sudol","VERIFIED","FIXED","[Perspectives] Empty perspective after restarting Eclipse with open Welcome page","normal",
436016,4.5,"daniel.rolka","CLOSED","DUPLICATE","NPE in PartRenderingEngine$StylingPreferencesHandler.getPreferences on shutdown","normal",
440321,"4.4.1","daniel.rolka","CLOSED","INVALID","[About] About dialog scrollbar does not operate correctly","minor",
440328,"4.4.1","daniel.rolka","CLOSED","INVALID","[About] About dialog text - needs to not cache system property values","normal",
443313,"4.4.1","daniel.rolka","CLOSED","INVALID","[RCP] [CSS] FileNotFoundException after removing the applicationCSS property and proper CSS file","normal",
427642,"4.5 M2","lars.vogel","CLOSED","FIXED","Coolbar context menu not working in the Eclipse IDE","minor",
430602,"4.5 M3","lars.vogel","CLOSED","DUPLICATE","Migrate ShowViewDialog to work on the application model","normal",
436502,4.5,"lars.vogel","CLOSED","DUPLICATE","Delete org.eclipse.jface.util.ListenerList  in Eclipse 4.6","normal",
439695,"4.4.1","lars.vogel","CLOSED","DUPLICATE","[JFace] org.eclipse.jface does not contain ""fallback"" versions of new png icons","normal",
440380,"4.5 M3","lars.vogel","CLOSED","WONTFIX","Remove dead code from org.eclipse.e4.ui.workbench.swt.internal.copy.FilteredTree","normal",
440849,"4.5 M4","lars.vogel","CLOSED","WONTFIX","Integrate tests from org.eclipse.e4.ui.menu.tests  into MenuTestSuite in org.eclipse.ui.tests","normal",
450968,"4.5 M4","lars.vogel","CLOSED","DUPLICATE","[Tests] org.eclipse.e4.ui.tests.css.swt during Tycho build","normal",
457419,"4.5 M6","lars.vogel","CLOSED","DUPLICATE","[Help] Workbench User Guide > Tasks > Working with perspectives incorrect","normal",
378849,"4.5 M5","loskutov","CLOSED","FIXED","[CPD] CustomizePerspectiveDialog no longer shows actionSet details","normal",
404009,"4.5 M6","loskutov","CLOSED","FIXED","Customizing toolbars in a Custom Perspective Dialog and save the perspective. Switching perspectives does not update the toolbar.","major",
448873,4.5,"loskutov","CLOSED","FIXED","[Perspectives] [Contributions] View Actions Icons Duplication after Reset Perspectives","major",
453165,"4.5 M5","markus_keller","CLOSED","DUPLICATE","testBadFirstFontDefinition tests fail","normal",
433207,4.5,"mathurin.lm","CLOSED","DUPLICATE","EModelService.findElements does not find addons","normal",
450833,4.5,"Platform-UI-Inbox","CLOSED","WONTFIX","[Viewers] Deprecate StructuredViewer.setComparer and IElementComparer","normal",
457288,"4.5 M5","Platform-UI-Inbox","CLOSED","DUPLICATE","Upgrade Jetty to the latest version (because the current Jetty version used by Eclipse can consume 100% CPU)","normal",
440856,4.5,"platform-ui-triaged","CLOSED","DUPLICATE","[EditorMgmt] SaveAllHandler doesn't save dirty editors outside active perspective","normal",
458870,4.5,"platform-ui-triaged","CLOSED","DUPLICATE","[Outline] ContentOutline shows IllegalArgumentException dialog during debugging","critical",
459478,"4.5 M6","platform-ui-triaged","CLOSED","DUPLICATE","[JFace] [GTK/Linux] ControlDecoration test failures","normal",
458649,"4.5 M6","simon.scholz","CLOSED","DUPLICATE","[From] Solid background for Section looks broken","normal",
