3,5,5,,5,,,104,https://bugs.eclipse.org/bugs/show_bug.cgi?id=421388,421388,[Contributions] Customize perspective doesn't work
3,5,5,4,,3,,96,https://bugs.eclipse.org/bugs/show_bug.cgi?id=378644,378644,[Workbench] All but 1 window and 1 perspective lost when starting 3.x workspace with 4.2
0,4,5,4,,5,,96,https://bugs.eclipse.org/bugs/show_bug.cgi?id=384835,384835,[Workbench] Some org.eclipse.ui.workbench fixes from 3.6 and 3.7 didn't make it into 4.2
3,4,4,4,4,4,,88,https://bugs.eclipse.org/bugs/show_bug.cgi?id=269121,269121,[Progress] WorkspaceModifyOperation run in the UI thread deadlocks with UIJob
1,5,4,,5,,,82,https://bugs.eclipse.org/bugs/show_bug.cgi?id=375744,375744,[Workbench] Command-Q does not ask to confirm exit
2,5,3,,2,5,,80,https://bugs.eclipse.org/bugs/show_bug.cgi?id=117746,117746,[EditorMgmt] Editors should be able to treat large files specially (e.g. deny opening huge files)
3,,3,5,5,,,80,https://bugs.eclipse.org/bugs/show_bug.cgi?id=325937,325937,[CSS] Active part/stack hard to detect in E4 Themes
0,,5,4,,5,,80,https://bugs.eclipse.org/bugs/show_bug.cgi?id=378811,378811,[Perspectives] Support separation of the Workspace and the saved UI Model (was: can't save and import perspectives)
3,,4,5,4,2,,76,https://bugs.eclipse.org/bugs/show_bug.cgi?id=401633,401633,Remove obvious performance bottlenecks
3,3,4,4,4,3,,72,https://bugs.eclipse.org/bugs/show_bug.cgi?id=396528,396528,[MPE] Incomplete implementation in AbstractMultiEditor
2,5,4,,4,,,68,https://bugs.eclipse.org/bugs/show_bug.cgi?id=428664,428664,"[EditorMgmt] EditorPart#isSaveOnCloseNeeded() not called when closing Editor Parts via ""Close All"" or ""Close Others"""
2,3,3,5,4,,,68,https://bugs.eclipse.org/bugs/show_bug.cgi?id=430872,430872,[CSS] ACTIVE_TAB_BG_END must not be used to set view background and description background
3,,5,4,3,2,,68,https://bugs.eclipse.org/bugs/show_bug.cgi?id=375576,375576,"Controls are not fully realized when partOpened(...) , partBroughtToTop(...) and partActivated(...) are called"
3,4,3,,5,,,64,https://bugs.eclipse.org/bugs/show_bug.cgi?id=354538,354538,[Contributions] [Compatibility] Window menus and toolbars leaked after having been closed
3,4,3,,5,,,64,https://bugs.eclipse.org/bugs/show_bug.cgi?id=437353,437353,[Trim] combo box not shown in the view's toolbar
2,4,3,,4,,4,60,https://bugs.eclipse.org/bugs/show_bug.cgi?id=436225,436225,[ViewMgmt] Possible memory leak on closing views
3,2,4,,,,5,60,https://bugs.eclipse.org/bugs/show_bug.cgi?id=436763,436763,[DetachedView] Layout of console view becomes wrong after changing perspective and only becomes correct after a resize
4,2,5,,,3,,60,https://bugs.eclipse.org/bugs/show_bug.cgi?id=420956,420956,[Perspectives] Fix perspective customization on 4.x
3,4,3,,4,2,3,60,https://bugs.eclipse.org/bugs/show_bug.cgi?id=366708,366708,[Workbench] Workbench.openWorkbenchWindow() calls createWorkbenchWindow 10 times
4,,3,5,,2,,60,https://bugs.eclipse.org/bugs/show_bug.cgi?id=373294,373294,Improve startup time
1,4,3,,5,,,58,https://bugs.eclipse.org/bugs/show_bug.cgi?id=366608,366608,[KeyBindings] [Compatibility] Failures in KeysTestSuite
3,4,4,,,,4,56,https://bugs.eclipse.org/bugs/show_bug.cgi?id=427777,427777,[Perspectives] Can't restore minimized view after reset customized perspective
4,3,4,4,,,,56,https://bugs.eclipse.org/bugs/show_bug.cgi?id=432498,432498,[Trim] Fast views get created on start-up
3,3,3,,4,,4,56,https://bugs.eclipse.org/bugs/show_bug.cgi?id=428447,428447,"[EditorMgmt] New editor always gets activated with WorkbenchPage#openEditor(input, editorID, false)"
3,5,3,,3,,,56,https://bugs.eclipse.org/bugs/show_bug.cgi?id=393391,393391,"[Contributions] can't re-enable toolbars in ""customize perspective"""
3,1,3,,4,2,4,54,https://bugs.eclipse.org/bugs/show_bug.cgi?id=416650,416650,CTabFolder layouts content too often / too many of them
1,2,3,3,5,,,54,https://bugs.eclipse.org/bugs/show_bug.cgi?id=394386,394386,[Contributions] Step-Into and Step-Return interchanged in M3
3,5,1,,3,,2,54,https://bugs.eclipse.org/bugs/show_bug.cgi?id=436499,436499,Using the OSGI event bus has significant performance issues
3,3,2,5,,,,52,https://bugs.eclipse.org/bugs/show_bug.cgi?id=330117,330117,"[CSS] No separation between view toolbar, view description and view content"
3,3,2,,5,,,52,https://bugs.eclipse.org/bugs/show_bug.cgi?id=426020,426020,Customize Perspective toolbar settings not remembered
3,,2,5,3,,,52,https://bugs.eclipse.org/bugs/show_bug.cgi?id=320901,320901,[CSS] White background results in lost separators (non-classic themes)
3,1,3,,,,5,50,https://bugs.eclipse.org/bugs/show_bug.cgi?id=406733,406733,[Trim] [Min/Max] NPE while minimizing and restoring stacks
1,4,4,,4,,,50,https://bugs.eclipse.org/bugs/show_bug.cgi?id=436755,436755,[Commands] Handler enableWhen expression not being re-evaluated when requested
1,,4,,5,,,50,https://bugs.eclipse.org/bugs/show_bug.cgi?id=118919,118919,[Viewers] Failure in SimpleVirtualLazyTreeViewerTest.testCreation
1,5,3,,3,,,50,https://bugs.eclipse.org/bugs/show_bug.cgi?id=406670,406670,[Workbench] Eclipse shell/window is visible after WorkbenchWindowAdvisor.postwindowopen()
1,,4,,5,,,50,https://bugs.eclipse.org/bugs/show_bug.cgi?id=411704,411704,[PropertiesView] Properties view not initialized with current selection when switching views
2,4,3,,4,,2,48,https://bugs.eclipse.org/bugs/show_bug.cgi?id=436236,436236,[EditorMgmt] Reusing editors causes memory leak in navigation history
4,4,3,,3,,,48,https://bugs.eclipse.org/bugs/show_bug.cgi?id=438324,438324,[IDE] Resource refresh at startup blocks initial rendering of the Eclipse UI
3,4,3,,4,,,48,https://bugs.eclipse.org/bugs/show_bug.cgi?id=331645,331645,[Workbench] EventBroker#unsubscribe is not working when same eventhandler registered for more than one topic
4,4,4,,,,,48,https://bugs.eclipse.org/bugs/show_bug.cgi?id=376486,376486,[Model] Eclipse 4 IDE not extendable via fragments or processors
3,,3,,5,,,48,https://bugs.eclipse.org/bugs/show_bug.cgi?id=431218,431218,[DetachedView] Hoover help does not work when part is detached from workbench
3,4,3,,4,,,48,https://bugs.eclipse.org/bugs/show_bug.cgi?id=432849,432849,[Perspectives] perspective extensions not applied to existing perspectives
4,3,3,,4,,,48,https://bugs.eclipse.org/bugs/show_bug.cgi?id=415382,415382,[Commands] Commands contributed from extensions remain after the plugin is gone
1,,3,5,2,,,46,https://bugs.eclipse.org/bugs/show_bug.cgi?id=340889,340889,[CSS] Platform color scheme does not work together with SWT color constants
3,4,4,,,2,,44,https://bugs.eclipse.org/bugs/show_bug.cgi?id=435274,435274,[Contributions] Leak of ActionContributionItem every time New/Import context menu item is made visible
3,4,2,,4,,,44,https://bugs.eclipse.org/bugs/show_bug.cgi?id=436572,436572,"[CSS] Stylesheet contribution with ""$ws$"" in the URI are resolved incorrectly"
3,4,3,3,,,2,44,https://bugs.eclipse.org/bugs/show_bug.cgi?id=430403,430403,[Perspectives] Views without sash to resize and complete loss of views
1,3,1,,5,,,44,https://bugs.eclipse.org/bugs/show_bug.cgi?id=432767,432767,[EditorMgmt] getActiveEditor() returns wrong editor instance
3,4,2,,4,,,44,https://bugs.eclipse.org/bugs/show_bug.cgi?id=397029,397029,[MPE] MultiPageEditorPart is leaked via perspective's EclipseContext
3,,2,5,,,,44,https://bugs.eclipse.org/bugs/show_bug.cgi?id=378672,378672,[CSS] Part tab and tool bar colors/rendering are confusing
0,1,3,5,,,,42,https://bugs.eclipse.org/bugs/show_bug.cgi?id=388476,388476,"[EditorMgmt] Editor tab management lost ""working set"" (MRU) functionality"
1,4,3,,4,,,42,https://bugs.eclipse.org/bugs/show_bug.cgi?id=430128,430128,[Perspectives] Editor cannot be opened
3,4,3,,3,1,,42,https://bugs.eclipse.org/bugs/show_bug.cgi?id=398837,398837,[RenderingEngine] We need to revamp the e4 life cycle handling
4,4,3,,1,,,42,https://bugs.eclipse.org/bugs/show_bug.cgi?id=350251,350251,Strategy for porting useful org.eclipse.ui.* bits for Eclipse4 RCP apps
2,2,1,,5,,,42,https://bugs.eclipse.org/bugs/show_bug.cgi?id=201589,201589,[Contributions] visibleWhen has no effect on toolbar
2,4,2,,4,,,40,https://bugs.eclipse.org/bugs/show_bug.cgi?id=432399,432399,[Import/Export] Export feature not exporting empty folders
0,5,0,,3,,,40,https://bugs.eclipse.org/bugs/show_bug.cgi?id=437207,437207,[ViewMgmt] [compatibility] Forward DIEditorPart @Persist and @PersistState to wrapped component
3,4,3,,3,,,40,https://bugs.eclipse.org/bugs/show_bug.cgi?id=378849,378849,[CPD] CustomizePerspectiveDialog no longer shows actionSet details
3,4,4,,,,,40,https://bugs.eclipse.org/bugs/show_bug.cgi?id=429505,429505,[Progress] Refine Eclipse4 based progress view
3,3,3,,4,,,40,https://bugs.eclipse.org/bugs/show_bug.cgi?id=366554,366554,[Commands] [Compatibility] failures in CommandsTestSuite
3,4,4,,,,,40,https://bugs.eclipse.org/bugs/show_bug.cgi?id=410749,410749,[Workbench] Don't prompt to save on close when editor input opened elsewhere
4,,3,4,,,,40,https://bugs.eclipse.org/bugs/show_bug.cgi?id=401632,401632,[WorkbenchParts] Minimized views still update in background (bad part events?)
2,1,4,,,3,3,38,https://bugs.eclipse.org/bugs/show_bug.cgi?id=348429,348429,[Perspectives] [Compare] NPE in ContentMergeViewerLayout.layout
4,2,1,,4,,,38,https://bugs.eclipse.org/bugs/show_bug.cgi?id=432785,432785,[ViewMgmt] FileNotFoundException after renaming the icon file or folder
2,4,1,,4,,,38,https://bugs.eclipse.org/bugs/show_bug.cgi?id=436645,436645,[CommonNavigator] NavigatorContentDescriptorManager.EvaluationCache#getDescriptors does not work
2,4,1,,4,,,38,https://bugs.eclipse.org/bugs/show_bug.cgi?id=424978,424978,[RenderingEngine] Method setToBeRendered in a menu instance throws an error
1,,2,,5,,,38,https://bugs.eclipse.org/bugs/show_bug.cgi?id=434102,434102,[PropertiesView] PropertySheet does not display contents for the current selection after opening an editor
3,3,2,,4,,,36,https://bugs.eclipse.org/bugs/show_bug.cgi?id=392876,392876,[Contributions] Editor context menu is broken when trying to add a dynamic submenu
0,4,2,,4,,,36,https://bugs.eclipse.org/bugs/show_bug.cgi?id=232171,232171,[Decorators] DeclarativeDecorators don't seem to take a plugin URL for an icon
0,3,2,4,,3,,36,https://bugs.eclipse.org/bugs/show_bug.cgi?id=401327,401327,[MPE] AbstractMultiEditor.getInnerEditorContainer is never called
2,3,3,,4,,,36,https://bugs.eclipse.org/bugs/show_bug.cgi?id=434108,434108,[Perspectives] Copy Worbench Layout option does not work in Eclipse 4.x
0,4,2,,4,,,36,https://bugs.eclipse.org/bugs/show_bug.cgi?id=366606,366606,[Compatibility] Failures in ContextsTestSuite
3,1,4,,,,3,34,https://bugs.eclipse.org/bugs/show_bug.cgi?id=400578,400578,Removing all parts from a window via Drag n Drop causes crash
1,4,3,,3,,,34,https://bugs.eclipse.org/bugs/show_bug.cgi?id=435435,435435,[QuickAccess] Hiding quick access hides it in all workbench windows on restart
1,3,3,,4,,,34,https://bugs.eclipse.org/bugs/show_bug.cgi?id=431990,431990,[Renderer] Settting the visible property to false of the MToolbar is ignore by the renderer
3,3,1,,4,,,34,https://bugs.eclipse.org/bugs/show_bug.cgi?id=37478,37478,"[Import/Export] Add ""Import  As Project"" option to the Import Wizard"
0,4,1,,4,,,34,https://bugs.eclipse.org/bugs/show_bug.cgi?id=421425,421425,[Workbench] ESelectionService doesn't work correctly if the active IEclipseContext is a child of the parts context
1,4,0,,4,,,34,https://bugs.eclipse.org/bugs/show_bug.cgi?id=269271,269271,[Workbench] [Compatibility] URISyntaxException  when workspace loc has space
0,4,1,,4,,,34,https://bugs.eclipse.org/bugs/show_bug.cgi?id=374132,374132,[Workbench] [Compatibility][api] IWorkbenchPage's showEditor(*) and hideEditor(*) methods are unimplemented
3,3,4,,,,,32,https://bugs.eclipse.org/bugs/show_bug.cgi?id=391145,391145,"[Compatibility] NPE with a custom editor opened using Project Explorer on first file, subsequent files are ok"
3,4,3,,,,,32,https://bugs.eclipse.org/bugs/show_bug.cgi?id=436863,436863,Splitting a compare editor fills the log
3,4,3,,,,,32,https://bugs.eclipse.org/bugs/show_bug.cgi?id=433809,433809,[Contributions] Reconfigure and Autotools submenu items disabled
4,2,2,,3,,,32,https://bugs.eclipse.org/bugs/show_bug.cgi?id=436247,436247,"[Themes] ""Colors and Fonts"" pref page fails with NPE when running with '-cssTheme none'"
2,4,2,,3,,,32,https://bugs.eclipse.org/bugs/show_bug.cgi?id=434506,434506,Events missing from startup parts creation
2,4,2,,3,,,32,https://bugs.eclipse.org/bugs/show_bug.cgi?id=372523,372523,[Workbench] Rework Workbench startup so it doesn't use LegacyIDE.e4xmi
0,,0,,5,,,32,https://bugs.eclipse.org/bugs/show_bug.cgi?id=435191,435191,[JFace] org.eclipse.jface.window.ToolTip flicker
0,,0,,5,,,32,https://bugs.eclipse.org/bugs/show_bug.cgi?id=389920,389920,perspective overlays portion of Welcome page after installing EGit
0,4,0,,4,,,32,https://bugs.eclipse.org/bugs/show_bug.cgi?id=372799,372799,[Workbench] [GlobalActions] ViewPart cannot adapt ISaveablePart any longer but must implement it.
4,,4,,,,,32,https://bugs.eclipse.org/bugs/show_bug.cgi?id=380663,380663,Starting an old 4.2 workspace with a new build resets the perspectives
4,4,0,,,,,32,https://bugs.eclipse.org/bugs/show_bug.cgi?id=392715,392715,Make existing 3.x components available for a pure e4 application
3,2,2,,4,,,32,https://bugs.eclipse.org/bugs/show_bug.cgi?id=399659,399659,[KeyBindings] Updating a keybinding causes CCE
3,4,2,,2,,,32,https://bugs.eclipse.org/bugs/show_bug.cgi?id=410087,410087,[Contributions] DirectToolItem does not evaluate @CanExecute
4,2,3,,2,,,32,https://bugs.eclipse.org/bugs/show_bug.cgi?id=414845,414845,"[Model] Order within elements added by fragments is reversed if ""before:"" or ""after:"" flag is used in ""Position in List"" attribute."
0,1,4,,3,,2,30,https://bugs.eclipse.org/bugs/show_bug.cgi?id=431894,431894,[DND] [ViewMgmt] Cannot drag a view to full-height right hand side
1,2,3,,4,,,30,https://bugs.eclipse.org/bugs/show_bug.cgi?id=423056,423056,[Intro] Restore welcome hyperlink on Welcome page does not work if view is maximized
3,,2,1,4,,,30,https://bugs.eclipse.org/bugs/show_bug.cgi?id=430964,430964,[EditorMgmt] Keyboard repeat rate slower when selecting text
1,2,4,,3,,,30,https://bugs.eclipse.org/bugs/show_bug.cgi?id=435161,435161,[Contributions] Wrong Visible When condition evaluation of dynamic menu
1,3,3,,3,,1,28,https://bugs.eclipse.org/bugs/show_bug.cgi?id=414736,414736,[PerspectiveBar] The Perspective Bar can't disabled via property
3,2,3,,,,3,28,https://bugs.eclipse.org/bugs/show_bug.cgi?id=432466,432466,[Trim] [MinMax] Multiple Windows with SharedEditorArea not supported
4,2,2,,2,,,28,https://bugs.eclipse.org/bugs/show_bug.cgi?id=435655,435655,[CSS] Add support for reseting of the widget's properties to the system defaults via CSS
2,2,2,,4,,,28,https://bugs.eclipse.org/bugs/show_bug.cgi?id=435623,435623,CSS engine should be able to load CSS files from plug-ins distributed as JAR files
1,,3,,4,1,,28,https://bugs.eclipse.org/bugs/show_bug.cgi?id=434207,434207,[Themes] Restore Defaults button doesn't work on Appearance Preference Page
3,,0,,4,2,,28,https://bugs.eclipse.org/bugs/show_bug.cgi?id=436788,436788,[QuickAccess] org.eclipse.swt.SWTException: Widget is disposed exception in log when exit application from Quick Access
3,4,2,,,,,28,https://bugs.eclipse.org/bugs/show_bug.cgi?id=361133,361133,[Compatibility] WorkbenchWindowAdvisor.createWindowContents(Shell) not called any more
3,2,0,,4,,,28,https://bugs.eclipse.org/bugs/show_bug.cgi?id=371934,371934,[Contributions] [Perspectives] [Compatibility] Extra/incorrect categories in the CPD
3,,2,,4,,,28,https://bugs.eclipse.org/bugs/show_bug.cgi?id=387714,387714,[CSS] Tag changes are not propagated as CSS class
0,4,2,,3,,,28,https://bugs.eclipse.org/bugs/show_bug.cgi?id=405542,405542,[Workbench] More than one workbench save job can run
0,4,3,2,,,,28,https://bugs.eclipse.org/bugs/show_bug.cgi?id=412013,412013,Secondary Problems view (created with 4.2) doesn't have a view menu
3,3,3,,2,,,28,https://bugs.eclipse.org/bugs/show_bug.cgi?id=414738,414738,[Contributions] Customize Perspective via extension point doesn't work
3,4,0,,2,,,28,https://bugs.eclipse.org/bugs/show_bug.cgi?id=174689,174689,[Contributions] Commands not appearing in Customize Perspective dialog
3,4,2,,,,,28,https://bugs.eclipse.org/bugs/show_bug.cgi?id=348560,348560,RunAndTracks that always return true
3,3,2,,3,,,28,https://bugs.eclipse.org/bugs/show_bug.cgi?id=434871,434871,[Commands] executeCommandInContext(*) doesn't copy over static variables correctly
3,4,2,,,,,28,https://bugs.eclipse.org/bugs/show_bug.cgi?id=336584,336584,[Contributions] CommandContributionItem#openDropDownMenu() never release menu manager for drop down menu from workbench menu service.
3,4,2,,,,,28,https://bugs.eclipse.org/bugs/show_bug.cgi?id=422720,422720,[KeyBindings] Context based key Binding for commands not working after upgrading to eclipse 4.2.2
1,,4,,3,,,26,https://bugs.eclipse.org/bugs/show_bug.cgi?id=432686,432686,[Trim] show toolbar does not take effect if workspace is started with hidden toolbar
1,3,3,,3,,,26,https://bugs.eclipse.org/bugs/show_bug.cgi?id=413410,413410,[KeyBindings] Lots of Keybinding conflicts occurred on official CDT Eclipse Kepler 4.3
1,,3,,4,,,26,https://bugs.eclipse.org/bugs/show_bug.cgi?id=433789,433789,[CSS] Rethink how the RegistryCSSElementProvider gets elements
3,,1,,4,,,26,https://bugs.eclipse.org/bugs/show_bug.cgi?id=436796,436796,Explore ways to use of generic information when doing Injection
1,,3,,4,,,26,https://bugs.eclipse.org/bugs/show_bug.cgi?id=366635,366635,[Tests] DynamicPluginsTestSuite has failures
0,3,1,,4,,,26,https://bugs.eclipse.org/bugs/show_bug.cgi?id=377448,377448,[DynamicGUI] Contributions Made Through IExtensionRegistry.addContribution May Or May Not Show Up
0,3,1,,4,,,26,https://bugs.eclipse.org/bugs/show_bug.cgi?id=388510,388510,[Perspectives] Regression to 4.2: perspective commands enabled even if no perspective open ==> Exceptions
4,3,1,,,,,26,https://bugs.eclipse.org/bugs/show_bug.cgi?id=403930,403930,[Workbench] E4 and E3 selection services are not connected
1,2,1,,4,,,24,https://bugs.eclipse.org/bugs/show_bug.cgi?id=436115,436115,CCE:  java.lang.ClassCastException: org.eclipse.e4.ui.model.application.commands.impl.KeyBindingImpl cannot be cast to org.eclipse.e4.ui.model.application.ui.MUIElement
4,,3,,,,,24,https://bugs.eclipse.org/bugs/show_bug.cgi?id=433519,433519,[Model] optimize findElements for handlers and others
2,2,3,,3,,,24,https://bugs.eclipse.org/bugs/show_bug.cgi?id=435512,435512,[CSS] Override the preferences customized by the user with the proper CSS values
0,,3,,4,,,24,https://bugs.eclipse.org/bugs/show_bug.cgi?id=430051,430051,[CSS] Regression for CTabRendering when drawing bottom tabs
1,4,1,,2,,,24,https://bugs.eclipse.org/bugs/show_bug.cgi?id=413112,413112,[Commands] The parameters of ExecutionEvent are lost in HandlerServiceHandler#execute
2,,2,,4,,,24,https://bugs.eclipse.org/bugs/show_bug.cgi?id=430199,430199,"[CSS] Form, FormHeading and inner children have paint issue"
3,,0,,4,,,24,https://bugs.eclipse.org/bugs/show_bug.cgi?id=333742,333742,[Compatibility] MoDisco needs to run on Eclipse 4.x
3,,0,,4,,,24,https://bugs.eclipse.org/bugs/show_bug.cgi?id=334303,334303,[Compatibility] Web Tools Platform needs to run on Eclipse 4.x
3,3,2,,2,,,24,https://bugs.eclipse.org/bugs/show_bug.cgi?id=178229,178229,[Dialogs] [EditorMgmt] Open Resource dialog should not fully create all editors
3,,3,3,,,,24,https://bugs.eclipse.org/bugs/show_bug.cgi?id=301687,301687,[Import/Export] Overwriting Files with Export feature
0,4,0,,3,,,24,https://bugs.eclipse.org/bugs/show_bug.cgi?id=365592,365592,[Workbench] UI Event subscriber should use @UIEventTopic instead of EventBroker.subscribe where possible
3,2,2,,3,,,24,https://bugs.eclipse.org/bugs/show_bug.cgi?id=366564,366564,[Commands] [Compatibility] command state not properly represented in Eclipse 4
0,,3,4,,,,24,https://bugs.eclipse.org/bugs/show_bug.cgi?id=393454,393454,[DND] Drag and Drop of views/parts: bad user experience
4,,3,,,,,24,https://bugs.eclipse.org/bugs/show_bug.cgi?id=402322,402322,[WorkbenchParts] Workbench window can report an active part/editor while firing page closed
3,,4,,,,,24,https://bugs.eclipse.org/bugs/show_bug.cgi?id=404231,404231,resetPerspectiveModel() does not reset the perspective
3,3,3,,,,,24,https://bugs.eclipse.org/bugs/show_bug.cgi?id=408309,408309,[Perspectives] Legacy PerspectiveListeners aren't fired for perspectivePreDeactivated and perspectiveDeactivated
0,4,3,,,,,24,https://bugs.eclipse.org/bugs/show_bug.cgi?id=366600,366600,[Workbench] [Compatibility] the 3.x mediator services don't seem to be created
3,3,3,,,,,24,https://bugs.eclipse.org/bugs/show_bug.cgi?id=260408,260408,[CSS] SWT requirements for CSS
3,1,2,,3,,,22,https://bugs.eclipse.org/bugs/show_bug.cgi?id=433723,433723,"[CSS] Incorrect background color of ""Show List"" button in multi-page editor"
3,2,1,,3,,,22,https://bugs.eclipse.org/bugs/show_bug.cgi?id=435915,435915,[CSS] [Themes] Changing the Appearance Theme causes any hidden Shell to momentarily appear
1,2,3,,3,,,22,https://bugs.eclipse.org/bugs/show_bug.cgi?id=436164,436164,[Help] Wrong e4 model extension point identifieres in the documentation
1,4,2,,,,,22,https://bugs.eclipse.org/bugs/show_bug.cgi?id=436183,436183,[CSS] Revisit creating preference nodes in CSS bridge
1,4,2,,,,,22,https://bugs.eclipse.org/bugs/show_bug.cgi?id=420843,420843,Unwanted items in the Customize functionality on the Intro page of Eclipse RCP
2,4,1,,,,,22,https://bugs.eclipse.org/bugs/show_bug.cgi?id=279902,279902,[Import/Export] WizardResourceImportPage.createDestinationGroup is final
0,4,1,,2,,,22,https://bugs.eclipse.org/bugs/show_bug.cgi?id=382625,382625,"[Perspectives] Setting org.eclipse.ui/PERSPECTIVE_BAR_EXTRAS=myPerspectiveId1,myPerspectiveId2 in plugin_customization.ini"
1,4,2,,,,,22,https://bugs.eclipse.org/bugs/show_bug.cgi?id=437202,437202,[Contributions] Editor tied to toolbar in wrong window after dragging to new window
2,,1,,4,,,22,https://bugs.eclipse.org/bugs/show_bug.cgi?id=366534,366534,[Compatibility] Failures in UIAutomatedSuite
2,4,1,,,,,22,https://bugs.eclipse.org/bugs/show_bug.cgi?id=383832,383832,[Workbench] WorkbenchAdvisor#postStartup behaviour changed
3,2,3,1,,,,22,https://bugs.eclipse.org/bugs/show_bug.cgi?id=412634,412634,[Workbench] Save All triggers multi-builds
3,3,1,,2,,,22,https://bugs.eclipse.org/bugs/show_bug.cgi?id=325965,325965,[Commands] org.eclipse.ui.workbench and org.eclipse.core.expression are preventing the GarbageCollector from removing uninstalled plug-ins
2,4,1,,,,,22,https://bugs.eclipse.org/bugs/show_bug.cgi?id=376862,376862,[patch] Applying PatternFilter on ElementTreeSelectionDialog results in NullPointerException
0,3,3,,2,,,20,https://bugs.eclipse.org/bugs/show_bug.cgi?id=436062,436062,Run As/Debug As switched in context menu
1,4,1,,,,,20,https://bugs.eclipse.org/bugs/show_bug.cgi?id=378566,378566,"TestExpression.toString() displays an extraneous quote ("")"
0,,1,1,4,,,20,https://bugs.eclipse.org/bugs/show_bug.cgi?id=418661,418661,[Metadata] Get rid of compile warnings in platform projects in official build
1,4,0,,1,,,20,https://bugs.eclipse.org/bugs/show_bug.cgi?id=431097,431097,Update PerspectiveSwitcher to use @Inject to register for events
3,3,2,,,,,20,https://bugs.eclipse.org/bugs/show_bug.cgi?id=391430,391430,[Contributions] Dynamically creating / deleting menu items in Menu and MPopupMenu doesn't work
1,4,1,,,,,20,https://bugs.eclipse.org/bugs/show_bug.cgi?id=432463,432463,[Model] add part disposing uievent
3,3,2,,,,,20,https://bugs.eclipse.org/bugs/show_bug.cgi?id=435847,435847,[Perspectives] Reset Java Perspective is not getting the Package Explorer back
3,3,2,,,,,20,https://bugs.eclipse.org/bugs/show_bug.cgi?id=437624,437624,[Trim] Whitespace drops down for empty view toolbar or menu
0,4,2,,,,,20,https://bugs.eclipse.org/bugs/show_bug.cgi?id=433215,433215,[Wizards] newWizardShortcut extension point not contributing to existing perspectives
3,,2,,3,,,20,https://bugs.eclipse.org/bugs/show_bug.cgi?id=416845,416845,[Perspectives] Remove use of SWT.DEFER and Review all other layout handling
3,,2,,3,,,20,https://bugs.eclipse.org/bugs/show_bug.cgi?id=417367,417367,[Perspectives] Detaching *all* stacks in a perspective causes it to be cleaned up
3,3,2,,,,,20,https://bugs.eclipse.org/bugs/show_bug.cgi?id=428297,428297,[Contributions] MenuManager.dispose() not called when exiting workbench
2,3,0,,3,,,20,https://bugs.eclipse.org/bugs/show_bug.cgi?id=365607,365607,IllegalArgumentException in PartRenderingEngine
0,4,0,,2,,,20,https://bugs.eclipse.org/bugs/show_bug.cgi?id=209873,209873,"[Workbench] [Incubator] Support dependency injection for contributed views, editors, etc"
3,3,0,,2,,,20,https://bugs.eclipse.org/bugs/show_bug.cgi?id=320727,320727,[WorkbenchParts] IPartListener2.partVisible is called twice
3,,3,2,,,,20,https://bugs.eclipse.org/bugs/show_bug.cgi?id=345608,345608,[patch][Markers] Horrible performance removing markers from Problems View taking hours to do the job
3,3,2,,,,,20,https://bugs.eclipse.org/bugs/show_bug.cgi?id=366595,366595,[Workbench] [Compatibility] Failures in ServicesTestSuite
0,1,1,,4,,,20,https://bugs.eclipse.org/bugs/show_bug.cgi?id=373011,373011,[Contributions] Action#setText(String) does not update in 4.2
3,3,2,,,,,20,https://bugs.eclipse.org/bugs/show_bug.cgi?id=378408,378408,[WorkbenchParts] Need to re-examine how we manage the various 'firePart...' events as well as how we respond to them
3,2,3,,,,,20,https://bugs.eclipse.org/bugs/show_bug.cgi?id=384351,384351,[Contributions] Compatibility problem: Menu- and toolbar are not empty in Eclipse 4.2 even if configured via WorkbenchWindowAdvisor
3,2,3,,,,,20,https://bugs.eclipse.org/bugs/show_bug.cgi?id=395455,395455,[Contributions] [CPD] Disabled command groups are re-enabled upon restart
0,,2,,4,,,20,https://bugs.eclipse.org/bugs/show_bug.cgi?id=398475,398475,[CSS] CSS3 property 'font-size-adjust' is called 'font-adjust' in SWT CSS renderer
1,3,1,,3,,,20,https://bugs.eclipse.org/bugs/show_bug.cgi?id=402519,402519,[Contributions] Core expressions are not evaluated in compatibility mode
4,,2,,,,,20,https://bugs.eclipse.org/bugs/show_bug.cgi?id=404727,404727,Make 3.x workbench resources available for e4 apps
3,2,2,,2,,,20,https://bugs.eclipse.org/bugs/show_bug.cgi?id=408592,408592,[WorkbenchParts] Plugin's view gets reloaded in spite of being a removed plugin
4,,2,,,,,20,https://bugs.eclipse.org/bugs/show_bug.cgi?id=408740,408740,Define / Refine the way we want activation to work when we switch perspectives.
4,,2,,,,,20,https://bugs.eclipse.org/bugs/show_bug.cgi?id=409678,409678,[Workbench] @ProcessRemovals called before compatibility mode adds menu items
3,3,2,,,,,20,https://bugs.eclipse.org/bugs/show_bug.cgi?id=413952,413952,[RCP] WorkbenchConfigurer.getSaveAndRestore() is not called anywhere
3,3,0,,2,,,20,https://bugs.eclipse.org/bugs/show_bug.cgi?id=418589,418589,[EditorMgmt] closePart activates
2,3,2,,2,,,20,https://bugs.eclipse.org/bugs/show_bug.cgi?id=359778,359778,[ActivityMgmt] [Compatibility] Commands Capabilities / Activities in Eclipse 4
0,,2,,4,,,20,https://bugs.eclipse.org/bugs/show_bug.cgi?id=153470,153470,[DND] API for managing and veto-ing the drag-n-drop of parts
0,4,2,,,,,20,https://bugs.eclipse.org/bugs/show_bug.cgi?id=366602,366602,[Compatibility] IServiceLocatorCreator doesn't work
3,,2,,3,,,20,https://bugs.eclipse.org/bugs/show_bug.cgi?id=427647,427647,[Commands] Issue with undefined-parameterized command in Kepler
3,3,2,,,,,20,https://bugs.eclipse.org/bugs/show_bug.cgi?id=401015,401015,[CSS] Add support for styling hyperlinks in Links
0,4,1,,,,,18,https://bugs.eclipse.org/bugs/show_bug.cgi?id=367116,367116,"[cheat sheets] The tabindex of the ""Cheat Sheet Selection"" dialog is wrong"
0,1,0,,4,,,18,https://bugs.eclipse.org/bugs/show_bug.cgi?id=429793,429793,ConcurrentModificationException caused by EvaluationService requestEvaluation
0,,1,,4,,,18,https://bugs.eclipse.org/bugs/show_bug.cgi?id=431242,431242,[CSS] CSS Engine should support JavaFX-like derive() and ladder() functions
0,4,1,,,,,18,https://bugs.eclipse.org/bugs/show_bug.cgi?id=436840,436840,"Navigator / Project Explorer's PasteAction throws ""Widget is disposed"" exceptions when created in detached shell"
1,,2,3,2,,,18,https://bugs.eclipse.org/bugs/show_bug.cgi?id=387579,387579,[EditorMgmt] [regression] No indication/decoration for pinned editor
1,,4,,,,,18,https://bugs.eclipse.org/bugs/show_bug.cgi?id=421155,421155,[RenderingEngine] Main toolbar not redrawn when maximized Welcome closed 2nd time
1,,3,3,,,,18,https://bugs.eclipse.org/bugs/show_bug.cgi?id=404015,404015,[DND] Drag and drop of jobs trim item is broken
3,2,2,,1,,,18,https://bugs.eclipse.org/bugs/show_bug.cgi?id=416761,416761,Open File command should remember the last used folder across restarts
0,4,1,,,,,18,https://bugs.eclipse.org/bugs/show_bug.cgi?id=389478,389478,Need IDE.openEditors(...) that allows to inject state
0,,1,,4,,,18,https://bugs.eclipse.org/bugs/show_bug.cgi?id=222877,222877,[BiDi][GTK] Text entry field in Combo is not right aligned with SWT.RIGHT_TO_LEFT
1,3,0,,3,,,18,https://bugs.eclipse.org/bugs/show_bug.cgi?id=242246,242246,[Commands] HandlerUtil.getActivePart() returns null when a dialog is opened.
1,,0,,4,,,18,https://bugs.eclipse.org/bugs/show_bug.cgi?id=275923,275923,[Wizards] NPE in WizardDialog's updateButtons()
3,3,1,,,,,18,https://bugs.eclipse.org/bugs/show_bug.cgi?id=372508,372508,[Contributions] CoreExpressions for first level MMenus under MMenu bar are not evaluated
3,,1,,3,,,18,https://bugs.eclipse.org/bugs/show_bug.cgi?id=378861,378861,[Contributions] Context Menu not available for Dialogs
3,,1,,,3,,18,https://bugs.eclipse.org/bugs/show_bug.cgi?id=397704,397704,[Model] ElementContainerImpl.getChildren uses expensive computation
0,3,1,,3,,,18,https://bugs.eclipse.org/bugs/show_bug.cgi?id=402593,402593,"[Contributions] ControlContrubution does not notify registered listeners--Works in Indigo, not in Juno"
4,,1,,,,,18,https://bugs.eclipse.org/bugs/show_bug.cgi?id=410624,410624,[DND] Drag&Drop from Firefox onto Editor area fails
0,4,1,,,,,18,https://bugs.eclipse.org/bugs/show_bug.cgi?id=191256,191256,[Perspectives] perspectiveExtensions not applied after installing feature and restarting workbench
4,,1,,,,,18,https://bugs.eclipse.org/bugs/show_bug.cgi?id=412739,412739,[Wizards] newWizardShortcut extension point not contributing to e4 perspective.
4,,1,,,,,18,https://bugs.eclipse.org/bugs/show_bug.cgi?id=427623,427623,[PropertiesView] Exception when opening properties view
1,3,1,,,,2,16,https://bugs.eclipse.org/bugs/show_bug.cgi?id=431376,431376,Move 'PERSPECTIVE_STACK_ID' from IWorkbenchConstants to IPageLayout to expose it as API
3,2,2,,,,,16,https://bugs.eclipse.org/bugs/show_bug.cgi?id=431862,431862,Group perspectives entries under one sub-menu
0,,0,,4,,,16,https://bugs.eclipse.org/bugs/show_bug.cgi?id=436448,436448,Delete org.eclipse.jface.util.ListenerList in Eclipse 4.6
3,,3,,,,,16,https://bugs.eclipse.org/bugs/show_bug.cgi?id=432856,432856,View toolbar does not redraw properly when new buttons appear/disappear
3,,2,,2,,,16,https://bugs.eclipse.org/bugs/show_bug.cgi?id=388963,388963,[Decorators] Accessibility: FieldDecoration does not support user accessibility (JAWS)
2,,3,2,,,,16,https://bugs.eclipse.org/bugs/show_bug.cgi?id=317207,317207,View tabs have no context menu - can't make it a fast view
1,2,3,,,1,,16,https://bugs.eclipse.org/bugs/show_bug.cgi?id=374017,374017,Enable refresh even when selection has closed projects
3,3,0,,,,,16,https://bugs.eclipse.org/bugs/show_bug.cgi?id=283930,283930,[Workbench] [Compatibility] Dirty state tracking causes SWTExceptions when editing in with multiple workbench windows
3,2,0,,2,,,16,https://bugs.eclipse.org/bugs/show_bug.cgi?id=314463,314463,[EditorMgmt] [Compatibility] Cannot reopen one editor - NPE in PartServiceImpl
0,,0,,4,,,16,https://bugs.eclipse.org/bugs/show_bug.cgi?id=331131,331131,[Workbench] [Compatibility] Closing a project generates errors
3,,3,,,,,16,https://bugs.eclipse.org/bugs/show_bug.cgi?id=339740,339740,[Perspectives] Examine the layout behavior
3,3,0,,,,,16,https://bugs.eclipse.org/bugs/show_bug.cgi?id=348331,348331,[Contributions] [Dialogs] Customize Perspective dialog - disabled/unavailable tree item labels not visible
0,4,0,,,,,16,https://bugs.eclipse.org/bugs/show_bug.cgi?id=350799,350799,[Commands] Toolbar drop downs do not appear (menuContribution)
0,4,0,,,,,16,https://bugs.eclipse.org/bugs/show_bug.cgi?id=355426,355426,[Model] [Compatibility] Isolate all model relative searching code into one method
3,,3,,,,,16,https://bugs.eclipse.org/bugs/show_bug.cgi?id=356457,356457,"[Markers] Problems view loses its ""group by"" state when being closed"
4,,0,,,,,16,https://bugs.eclipse.org/bugs/show_bug.cgi?id=364566,364566,"[Contributions] [performance] Huge regression in performance test ObjectContributionsPerformance#testObjectContributions:limited selection, limited contributors()"
0,4,0,,,,,16,https://bugs.eclipse.org/bugs/show_bug.cgi?id=369237,369237,[Model] Are we using org.eclipse.e4.emf.xpath?
3,2,2,,,,,16,https://bugs.eclipse.org/bugs/show_bug.cgi?id=373007,373007,[Contributions] Missing context menu on workbench window toolbar (Customize Perspective...)
0,4,0,,,,,16,https://bugs.eclipse.org/bugs/show_bug.cgi?id=391344,391344,ExecutionEvent trigger is not passed on to handler
0,,0,,4,,,16,https://bugs.eclipse.org/bugs/show_bug.cgi?id=398277,398277,[CSS] swt-show-close inconsistent with swt-x-visible
3,,0,,3,,,16,https://bugs.eclipse.org/bugs/show_bug.cgi?id=400217,400217,[Contributions] Not possible to change visibility of tool items or menu items at runtime
3,,3,,,,,16,https://bugs.eclipse.org/bugs/show_bug.cgi?id=401534,401534,[KeyBindings] Keyboard shortcuts don't work in all views
3,,3,,,,,16,https://bugs.eclipse.org/bugs/show_bug.cgi?id=410164,410164,[DND] Duplicate views appear after dragging view in share area and back to stack
0,3,3,,,,,16,https://bugs.eclipse.org/bugs/show_bug.cgi?id=414611,414611,[Contributions] Toolbar order is not restored after restart (org.eclipse.ui.menus toolbar)
2,3,2,,,,,16,https://bugs.eclipse.org/bugs/show_bug.cgi?id=414888,414888,[WorkbenchParts] Context menu retained cross editors
0,3,3,,,,,16,https://bugs.eclipse.org/bugs/show_bug.cgi?id=418231,418231,"[EditorMgmt] [regression] Editor pin doesn't toggle, doesn't remember preference on restart"
2,,2,3,,,,16,https://bugs.eclipse.org/bugs/show_bug.cgi?id=360468,360468,Improve 'Open Resource' dialog filtering sort order
3,2,2,,,,,16,https://bugs.eclipse.org/bugs/show_bug.cgi?id=368466,368466,[Contributions] Part toolbar does not refresh after adding additional toolbar items to it
3,3,0,,,,,16,https://bugs.eclipse.org/bugs/show_bug.cgi?id=280033,280033,"[Contributions] Improve Customize Perspective dialog on the ""Command Groups Availability"" tab"
3,,0,,3,,,16,https://bugs.eclipse.org/bugs/show_bug.cgi?id=405859,405859,[Contributions] Menu Items duplicated on *.jsp and *.xml files
3,,2,,2,,,16,https://bugs.eclipse.org/bugs/show_bug.cgi?id=385278,385278,[KeyBindings] Shortcuts like Ctrl+C/Ctrl+V intermittently stop working
2,3,2,,,,,16,https://bugs.eclipse.org/bugs/show_bug.cgi?id=304530,304530,[QuickAccess] Error opening export wizard from Quick Access
2,3,2,,,,,16,https://bugs.eclipse.org/bugs/show_bug.cgi?id=430126,430126,[QuickAccess] Quick Access should save previous choices between sessions
2,2,3,,,,,16,https://bugs.eclipse.org/bugs/show_bug.cgi?id=433765,433765,[Themes] [CSS] The editor related preferences are not properly refreshed after switching the CSS theme
1,2,1,,3,,,16,https://bugs.eclipse.org/bugs/show_bug.cgi?id=281593,281593,[CSS][UI] Allow workbench images to be swapped via CSS
,,,4,,,,16,https://bugs.eclipse.org/bugs/show_bug.cgi?id=430306,430306,"[Workbench] Leak / confusing lifecycle of IViewParts: only saved/disposed after ""workbench save interval"""
3,1,2,,,,,14,https://bugs.eclipse.org/bugs/show_bug.cgi?id=436322,436322,[Model] IAE when back button is clicked after closing all perspectives
3,2,1,,,,,14,https://bugs.eclipse.org/bugs/show_bug.cgi?id=433895,433895,Locale parsed too many times
1,,2,,,,3,14,https://bugs.eclipse.org/bugs/show_bug.cgi?id=432501,432501,[Perspectives] [templates] getWindowConfigurer().setShellStyle(SWT.TITLE) is invalid
1,,2,3,,,,14,https://bugs.eclipse.org/bugs/show_bug.cgi?id=388505,388505,"[Workbench] ""Show In"" menu doesn't use MRU order any more"
3,,1,,2,,,14,https://bugs.eclipse.org/bugs/show_bug.cgi?id=279838,279838,[CSS] Resource loading extensions
1,3,1,,1,,,14,https://bugs.eclipse.org/bugs/show_bug.cgi?id=393242,393242,[CSS] JFace StatusLine cannot be easily styled
3,2,1,,,,,14,https://bugs.eclipse.org/bugs/show_bug.cgi?id=263820,263820,[Commands] [UI] Handlers seems to resolve their URIs early
3,2,1,,,,,14,https://bugs.eclipse.org/bugs/show_bug.cgi?id=319182,319182,[Trim] [Compatibility] calling removeGui on menuBar causes TrimmedPartLayout.layout(*) exception
1,2,3,,,,,14,https://bugs.eclipse.org/bugs/show_bug.cgi?id=416461,416461,[Wizards] Wizard Parameter overrides command label and icon
2,3,1,,,,,14,https://bugs.eclipse.org/bugs/show_bug.cgi?id=378495,378495,Part Toolbar does not refresh when toolbar items are removed
3,1,2,,,,,14,https://bugs.eclipse.org/bugs/show_bug.cgi?id=436753,436753,[CSS] Dark theme doesn't affect menu bar button colours
0,3,2,,,,,12,https://bugs.eclipse.org/bugs/show_bug.cgi?id=436584,436584,[JFace] images missing in jfaces jar
0,2,3,,,,,12,https://bugs.eclipse.org/bugs/show_bug.cgi?id=330595,330595,IWorkbenchHelpSystem for native e4 parts?
0,1,1,,3,,,12,https://bugs.eclipse.org/bugs/show_bug.cgi?id=427768,427768,Create resource filters to nest projects
0,1,1,,3,,,12,https://bugs.eclipse.org/bugs/show_bug.cgi?id=431130,431130,[Preferences] FieldEditor.adjustForNumColumns(int numColumns) client access
3,,2,,,,,12,https://bugs.eclipse.org/bugs/show_bug.cgi?id=424489,424489,[Perspectives] An alternative to Min / Max
3,,2,,,,,12,https://bugs.eclipse.org/bugs/show_bug.cgi?id=432722,432722,[Perspectives] [Trim] History view not restored after selecting Team > Show local history
3,,2,,,,,12,https://bugs.eclipse.org/bugs/show_bug.cgi?id=372943,372943,[EditorMgmt] Cannot maximize shared area by double-clicking on the tab area after it has been split
2,2,0,,2,,,12,https://bugs.eclipse.org/bugs/show_bug.cgi?id=348885,348885,[UI] Removing an element from the model should (eventually) call removeGui on it
1,,1,,3,,,12,https://bugs.eclipse.org/bugs/show_bug.cgi?id=366571,366571,[Compatibility] editor and view action delegates are not properly scoped
2,,3,,,,,12,https://bugs.eclipse.org/bugs/show_bug.cgi?id=414743,414743,[Contributions] Seperator in own Toolbar are not rendered
3,,2,,,,,12,https://bugs.eclipse.org/bugs/show_bug.cgi?id=308642,308642,[Commands] [Compatibility] command executed in closed XML view
0,,3,,2,,,12,https://bugs.eclipse.org/bugs/show_bug.cgi?id=308689,308689,[Dialogs] FilteredItemsSelectionDialog ignores single asterisk (*)
3,,0,,2,,,12,https://bugs.eclipse.org/bugs/show_bug.cgi?id=309807,309807,[Workbench] [Compatibility] SelectionServiceImpl throws NPE in @PD if the window has perspectives
3,,0,,2,,,12,https://bugs.eclipse.org/bugs/show_bug.cgi?id=316072,316072,[Commands] [Compatibility] clicking on a method in the editor threw an exception
3,2,0,,,,,12,https://bugs.eclipse.org/bugs/show_bug.cgi?id=319694,319694,[Contributions] [Compatibility] Some actions in view toolbars may be disabled until you activate the part
3,,0,,2,,,12,https://bugs.eclipse.org/bugs/show_bug.cgi?id=319983,319983,[Workbench] [Compatibility] Reassess how selection should work in PageBookView
3,,2,,,,,12,https://bugs.eclipse.org/bugs/show_bug.cgi?id=320932,320932,[Workbench] [Compatibility] Can't start Eclipse 4 SDK with proxy authentication
3,,2,,,,,12,https://bugs.eclipse.org/bugs/show_bug.cgi?id=361469,361469,[ViewMgmt] Improve PartStack keyboard accessibility
0,3,2,,,,,12,https://bugs.eclipse.org/bugs/show_bug.cgi?id=374894,374894,[ActionSets] [Contributions] WWinPluginActions need to clean up on part close
3,2,0,,,,,12,https://bugs.eclipse.org/bugs/show_bug.cgi?id=383914,383914,[QuickAccess] CMD+3 enables toolbar even if hidden previously
0,,2,3,,,,12,https://bugs.eclipse.org/bugs/show_bug.cgi?id=386743,386743,[Contributions] Workbench window toolbar has rendering bugs
0,,2,,3,,,12,https://bugs.eclipse.org/bugs/show_bug.cgi?id=392457,392457,[Contributions] cannot create dynamic Status bar controls in eclipse 4.2
3,,2,,,,,12,https://bugs.eclipse.org/bugs/show_bug.cgi?id=395513,395513,[WorkbenchParts] Part activation is tracked in two places
3,2,0,,,,,12,https://bugs.eclipse.org/bugs/show_bug.cgi?id=395601,395601,[Contributions] Customizing perspective - change buttons in the Java perspective reflect the change even in debug perspective
3,,2,,,,,12,https://bugs.eclipse.org/bugs/show_bug.cgi?id=397960,397960,"[Contributions] [CPD] Run/Debug buttons gone, can't customize perspective"
3,,0,,,2,,12,https://bugs.eclipse.org/bugs/show_bug.cgi?id=398925,398925,After prolonged usage Eclipse becomes unusable : java.lang.Object cannot be cast to org.eclipse.e4.core.commands.EHandlerService
3,,2,,,,,12,https://bugs.eclipse.org/bugs/show_bug.cgi?id=402263,402263,[Import/Export] import from file system wizard does not show subdirectories
0,3,2,,,,,12,https://bugs.eclipse.org/bugs/show_bug.cgi?id=402309,402309,[Contributions] registerVisibleWhen is not implemented on IContributionRoot
0,,3,,2,,,12,https://bugs.eclipse.org/bugs/show_bug.cgi?id=402509,402509,[api] Need a mechanism for filtering context menus
3,,2,,,,,12,https://bugs.eclipse.org/bugs/show_bug.cgi?id=405561,405561,[Contributions] [CPD] Menu is not refreshed after perspective switch
3,,2,,,,,12,https://bugs.eclipse.org/bugs/show_bug.cgi?id=409622,409622,[Model] Perspective contributed via fragment is not registered in PerspectiveRegistry
3,,2,,,,,12,https://bugs.eclipse.org/bugs/show_bug.cgi?id=411386,411386,[Perspectives] Enable separate UI presentations based on monitor configurations
2,,3,,,,,12,https://bugs.eclipse.org/bugs/show_bug.cgi?id=413213,413213,[Contributions] Separators on toolbar from menu contribution are not showing.
2,,3,,,,,12,https://bugs.eclipse.org/bugs/show_bug.cgi?id=416142,416142,[ViewMgmt] [regression] Incomplete system menu for views
0,2,3,,,,,12,https://bugs.eclipse.org/bugs/show_bug.cgi?id=418908,418908,[EditorMgmt] Editor drop-down list does not show custom icons
2,2,2,,,,,12,https://bugs.eclipse.org/bugs/show_bug.cgi?id=379426,379426,[Compatibility] CompoundContributionItems result in duplicate menu items
3,,2,,,,,12,https://bugs.eclipse.org/bugs/show_bug.cgi?id=110135,110135,[Import/Export]  Import existing projects wizards: enhancements for duplicate projects
3,,2,,,,,12,https://bugs.eclipse.org/bugs/show_bug.cgi?id=376046,376046,[Contributions] Customize Perspective doesn't show new toolbar button unless group enabled first
0,2,3,,,,,12,https://bugs.eclipse.org/bugs/show_bug.cgi?id=355049,355049,[Import/Export] Importing a project containing a linked resource will dereference that linked resource
3,,2,,,,,12,https://bugs.eclipse.org/bugs/show_bug.cgi?id=413214,413214,[Contributions] [Compatibility] dynamic nodes of Menu contribution on toolbar are ignored.
3,,0,,2,,,12,https://bugs.eclipse.org/bugs/show_bug.cgi?id=353186,353186,"[KeyBindings] shortcut keys ctrl-s and ctrl-shift-s don't work, sometimes"
3,,0,,2,,,12,https://bugs.eclipse.org/bugs/show_bug.cgi?id=422197,422197,[KeyBindings] Cmd+Shift+T and Cmd+Shift+R only work if there is an active part
2,3,0,,,,,12,https://bugs.eclipse.org/bugs/show_bug.cgi?id=187073,187073,[QuickAccess] Typing 'Views' doesn't show all the views
2,2,2,,,,,12,https://bugs.eclipse.org/bugs/show_bug.cgi?id=432096,432096,[QuickAccess] NotHandledException selecting inactive command under 'Previous Choices' in Quick access
3,,2,,,,,12,https://bugs.eclipse.org/bugs/show_bug.cgi?id=431845,431845,[Themes] [CSS] Simplify dark theme
3,,2,,,,,12,https://bugs.eclipse.org/bugs/show_bug.cgi?id=432685,432685,[CSS] Enabling dark theme does not seem to change font colors making it very hard to read
3,,2,,,,,12,https://bugs.eclipse.org/bugs/show_bug.cgi?id=430992,430992,[CSS] [dark theme] Search dialog tab headers are unstyled
3,,2,,,,,12,https://bugs.eclipse.org/bugs/show_bug.cgi?id=431000,431000,[CSS] [dark theme] Drop-downs have extra grey light border
3,,2,,,,,12,https://bugs.eclipse.org/bugs/show_bug.cgi?id=428248,428248,[CSS] Invisible Console output causes Console Tab shimmering and JUnit Test counts flickering
3,,2,,,,,12,https://bugs.eclipse.org/bugs/show_bug.cgi?id=436175,436175,"[Themes] [ui][CSS][Dark] The ""Help > Install New Software"" dialog's table widget turns white while search is in progress"
2,,3,,,,,12,https://bugs.eclipse.org/bugs/show_bug.cgi?id=423607,423607,[CSS] Gradient in background-color is not applied to children
2,,3,,,,,12,https://bugs.eclipse.org/bugs/show_bug.cgi?id=411490,411490,[help] [keybindings] F1 or Command-? are not bound to (dynamic) help
3,,2,,,,,12,https://bugs.eclipse.org/bugs/show_bug.cgi?id=436114,436114,Cheese in multi-page editors
0,2,1,,2,,,10,https://bugs.eclipse.org/bugs/show_bug.cgi?id=266030,266030,"[CommonNavigator] Need public ""Others"" working set for use in common navigator instances"
1,,3,,,,,10,https://bugs.eclipse.org/bugs/show_bug.cgi?id=431032,431032,Incorrect part data in application model for the IDE
1,,2,,2,,,10,https://bugs.eclipse.org/bugs/show_bug.cgi?id=435636,435636,Eclipse internal web browser uses old Eclipse icon for busy indicator
2,2,1,,,,,10,https://bugs.eclipse.org/bugs/show_bug.cgi?id=242231,242231,[Viewers] TableViewer#applyEditorValue() should be public
3,,1,,,,,10,https://bugs.eclipse.org/bugs/show_bug.cgi?id=427887,427887,[CommonNavigator] [working sets] Allow working set in Project Navigator to be sorted manually
0,,1,,,3,,10,https://bugs.eclipse.org/bugs/show_bug.cgi?id=432935,432935,"[PerspectiveBar] ""Top-left"" position not available for perspective switcher"
1,,3,,,,,10,https://bugs.eclipse.org/bugs/show_bug.cgi?id=437902,437902,[CSS] Non-externalized strings on Colors and Fonts Preference panel
3,,1,,,,,10,https://bugs.eclipse.org/bugs/show_bug.cgi?id=162006,162006,[QuickAccess] Make Ctrl-3 extensible
1,2,2,,,,,10,https://bugs.eclipse.org/bugs/show_bug.cgi?id=339415,339415,[Contributions] DynamicMenuContributionItem's isVisible() does not delegate to loadedDynamicContribution's isVisible()
3,,1,,,,,10,https://bugs.eclipse.org/bugs/show_bug.cgi?id=351366,351366,Allow the hosting of Views and Editors independent of the presentation
0,,1,,3,,,10,https://bugs.eclipse.org/bugs/show_bug.cgi?id=310139,310139,[Perspectives] [Compatibility] synchronizing switches perspectives
3,,1,,,,,10,https://bugs.eclipse.org/bugs/show_bug.cgi?id=316470,316470,[Contributions] [Compatibility] e4 story for dealing with custom IContributionItem implementations
3,,1,,,,,10,https://bugs.eclipse.org/bugs/show_bug.cgi?id=316515,316515,[RenderingEngine] [Compatibility] IPresentationEngine.stop called twice
2,2,1,,,,,10,https://bugs.eclipse.org/bugs/show_bug.cgi?id=323075,323075,[RCP] Headless usage of Eclipse 4 RCP (without a Window) - Context of model elements should be explicitly created and filled
3,,1,,,,,10,https://bugs.eclipse.org/bugs/show_bug.cgi?id=352690,352690,[DND] EditorAreaDropAdapter should ignore empty events
0,3,1,,,,,10,https://bugs.eclipse.org/bugs/show_bug.cgi?id=352938,352938,[Commands] two propertyTester are crashing on selection with two different objects
0,3,1,,,,,10,https://bugs.eclipse.org/bugs/show_bug.cgi?id=360815,360815,[Compatibility] Cannot retrieve model item from within a legacy handler
3,,1,,,,,10,https://bugs.eclipse.org/bugs/show_bug.cgi?id=366991,366991,"[Markers] NPE in MarkerGroup.addEntry() by opening the Problems view via ""Ctrl+3"""
0,,1,,3,,,10,https://bugs.eclipse.org/bugs/show_bug.cgi?id=368558,368558,[CSS] Main tool bar should have its style bits defined by CSS
0,3,1,,,,,10,https://bugs.eclipse.org/bugs/show_bug.cgi?id=370811,370811,[Contributions] View menu doesn't update when adding item to menu model
0,,1,,3,,,10,https://bugs.eclipse.org/bugs/show_bug.cgi?id=373015,373015,[CSS] Provide support for system theme properties in CSS
0,,1,,3,,,10,https://bugs.eclipse.org/bugs/show_bug.cgi?id=373016,373016,[CSS] Provide support for font size as a percentage in CSS
3,,1,,,,,10,https://bugs.eclipse.org/bugs/show_bug.cgi?id=374307,374307,[Workbench] 3.x bridge - how we make corresponding 4.x elements
3,,1,,,,,10,https://bugs.eclipse.org/bugs/show_bug.cgi?id=377906,377906,[Model] Model / SWT interactions are not well enough defined
0,3,1,,,,,10,https://bugs.eclipse.org/bugs/show_bug.cgi?id=378106,378106,[Contributions] [Compatibility] Changes to DirectContributionItems should update corresponding actions
1,,3,,,,,10,https://bugs.eclipse.org/bugs/show_bug.cgi?id=387291,387291,[FastView] Remove 'Fast view' preference references
0,3,1,,,,,10,https://bugs.eclipse.org/bugs/show_bug.cgi?id=396271,396271,[Trim] Class extending WorkbenchWindowControlContribution not invoking isVisible() method in Juno
3,,1,,,,,10,https://bugs.eclipse.org/bugs/show_bug.cgi?id=398647,398647,[Contributions] Dynamic radio items in menu contribution not checked
3,,1,,,,,10,https://bugs.eclipse.org/bugs/show_bug.cgi?id=400263,400263,"RuntimeException ""Cycle while computing..."""
2,,1,,2,,,10,https://bugs.eclipse.org/bugs/show_bug.cgi?id=406763,406763,[Workbench] Workbench is returning null for IWorkbenchActivitySupport.
1,,3,,,,,10,https://bugs.eclipse.org/bugs/show_bug.cgi?id=410432,410432,[Contributions] [Compatibility] Different behaviors for toolbar contribution through factories  with bundle and target platform
1,,3,,,,,10,https://bugs.eclipse.org/bugs/show_bug.cgi?id=413474,413474,"[EditorMgmt] [navigation] After switching perspective, Back no longer returns to the point where a Hyperlink was clicked"
3,,1,,,,,10,https://bugs.eclipse.org/bugs/show_bug.cgi?id=414544,414544,[WorkbenchParts] PlatformUI.getWorkbench().getActiveWorkbenchWindow().getActivePage().getActivePart() is NULL
3,,1,,,,,10,https://bugs.eclipse.org/bugs/show_bug.cgi?id=393171,393171,Remove delta migration code
0,2,2,,1,,,10,https://bugs.eclipse.org/bugs/show_bug.cgi?id=345932,345932,Key Assist dialog should update status info text each time
0,3,1,,,,,10,https://bugs.eclipse.org/bugs/show_bug.cgi?id=221172,221172,[Commands] [ViewMgmt] Window > Show View doesn't open existing instances of multi-instance views
3,,1,,,,,10,https://bugs.eclipse.org/bugs/show_bug.cgi?id=347140,347140,[Compatibility] Toolbar rendering very slow / looks animated
0,,1,,3,,,10,https://bugs.eclipse.org/bugs/show_bug.cgi?id=428348,428348,[Commands] parameters in converters (for commands) needs compatibility layer
3,,1,,,,,10,https://bugs.eclipse.org/bugs/show_bug.cgi?id=419188,419188,[Contributions] [Perspectives] Configuration of toolbar+menu in perspective is broken
2,,2,,,1,,10,https://bugs.eclipse.org/bugs/show_bug.cgi?id=429881,429881,[Import/Export] Eclipse views show folder name instead of project name
3,,1,,,,,10,https://bugs.eclipse.org/bugs/show_bug.cgi?id=413638,413638,[JFace][CSS] JFace Dialog Buttons too small when changing font with CSS
3,,1,,,,,10,https://bugs.eclipse.org/bugs/show_bug.cgi?id=430468,430468,[CSS] Move org.eclipse.e4.ui.tests.css.core tests to JUnit 4
2,2,1,,,,,10,https://bugs.eclipse.org/bugs/show_bug.cgi?id=419807,419807,[Dialogs] AIOOB exception in AbstractElementListSelectionDialog
2,,1,,2,,,10,https://bugs.eclipse.org/bugs/show_bug.cgi?id=418025,418025,[Dialogs] Find Resources dialog does not return result
1,,1,,2,,,8,https://bugs.eclipse.org/bugs/show_bug.cgi?id=414057,414057,[Viewers] Add generics to IStructuredSelection
1,,1,,2,,,8,https://bugs.eclipse.org/bugs/show_bug.cgi?id=416189,416189,[Viewers] Review use of generic array return type
1,1,2,,,,,8,https://bugs.eclipse.org/bugs/show_bug.cgi?id=429818,429818,Activation not restored to a view in a detached window on a perspective switch
1,,1,,2,,,8,https://bugs.eclipse.org/bugs/show_bug.cgi?id=435504,435504,Convert HeapStatus into a ToolControl
2,1,1,,,,,8,https://bugs.eclipse.org/bugs/show_bug.cgi?id=431565,431565,[Progress] Refactor JobTreeElement
2,1,1,,,,,8,https://bugs.eclipse.org/bugs/show_bug.cgi?id=436923,436923,[Progress] ProgressMonitorDialog should encapsulate the protected arrowCursor member
1,,1,,2,,,8,https://bugs.eclipse.org/bugs/show_bug.cgi?id=422139,422139,"[Graphics] Move ""org.eclipse.ui.images"" to eclipse.platform.common git repo and rename to ""org.eclipse.sdk.images"""
0,,0,,,,3,8,https://bugs.eclipse.org/bugs/show_bug.cgi?id=435300,435300,"[Outline] Narrowing an empty Outline view lowers the ""An outline is not available"" label"
0,,2,,,,2,8,https://bugs.eclipse.org/bugs/show_bug.cgi?id=426717,426717,[EditorMgmt] Incorrect Editor Title Image shown after rearranging editor
1,2,1,,,,,8,https://bugs.eclipse.org/bugs/show_bug.cgi?id=383318,383318,Keybinding conflicts occurred when switching between Java and XML editors
2,,2,,,,,8,https://bugs.eclipse.org/bugs/show_bug.cgi?id=436458,436458,Detached windows present glitches when changing perspective
0,,0,,3,,,8,https://bugs.eclipse.org/bugs/show_bug.cgi?id=432750,432750,[Themes] Provide a way to define a Color & Font profile in CSS
2,,2,,,,,8,https://bugs.eclipse.org/bugs/show_bug.cgi?id=435605,435605,[RenderingEngine] Editor tab disappears when quickly moving mouse pointer over multiple editor tabs
1,2,1,,,,,8,https://bugs.eclipse.org/bugs/show_bug.cgi?id=370615,370615,Support dynamic tracing for e4 workbench
0,2,2,,,,,8,https://bugs.eclipse.org/bugs/show_bug.cgi?id=278647,278647,[KeyBindings] Remove Keys..Export
2,2,0,,,,,8,https://bugs.eclipse.org/bugs/show_bug.cgi?id=318218,318218,[Perspectives] [Compatibility] trying to close the Java perspective throws NPEs
3,,0,,,,,8,https://bugs.eclipse.org/bugs/show_bug.cgi?id=319121,319121,[Workbench] [Compatibility] 'Breakpoints' view goes dirty but cannot be saved
3,,0,,,,,8,https://bugs.eclipse.org/bugs/show_bug.cgi?id=320262,320262,[Perspectives] [Compatibility] switching back to the Java perspective gives me a blank
3,,0,,,,,8,https://bugs.eclipse.org/bugs/show_bug.cgi?id=320672,320672,[WorkbenchParts] [Compatibility] SWTException when activating an editor with stale content causes
3,,0,,,,,8,https://bugs.eclipse.org/bugs/show_bug.cgi?id=338470,338470,[Trim] Minimized stacks break lazy loading rules
3,,0,,,,,8,https://bugs.eclipse.org/bugs/show_bug.cgi?id=339352,339352,[Compatibility] [DND] hitting ESC caused an NPE
3,,0,,,,,8,https://bugs.eclipse.org/bugs/show_bug.cgi?id=341346,341346,[Perspectives] [Compatibility] part does not exist ... but it does
3,,0,,,,,8,https://bugs.eclipse.org/bugs/show_bug.cgi?id=344121,344121,[Contributions] [Compatibility] Lazy loading does not appear to work for a dynamic contribution to popup:org.eclipse.ui.popup.any
0,,0,,3,,,8,https://bugs.eclipse.org/bugs/show_bug.cgi?id=362532,362532,[CSS] Re-enable dynamic CSS pseudo-classes
3,,0,,,,,8,https://bugs.eclipse.org/bugs/show_bug.cgi?id=364838,364838,[Contributions] [Compatibility] NPE in PopupMenuExtender#cleanUpContributionCache while running SWTBot
3,,0,,,,,8,https://bugs.eclipse.org/bugs/show_bug.cgi?id=368187,368187,Services pre-API cleanup
0,2,2,,,,,8,https://bugs.eclipse.org/bugs/show_bug.cgi?id=372247,372247,[KeyBindings] interactions: Mnemonics should not work across workbench parts
0,2,2,,,,,8,https://bugs.eclipse.org/bugs/show_bug.cgi?id=377999,377999,[RenderingEngine] Support per-element renderers
3,,0,,,,,8,https://bugs.eclipse.org/bugs/show_bug.cgi?id=379806,379806,[Perspectives] IWorkbenchPage.savePerspective throws an Exception
3,,0,,,,,8,https://bugs.eclipse.org/bugs/show_bug.cgi?id=379992,379992,[DND] NPE dragging Error Log view out to desktop
0,3,0,,,,,8,https://bugs.eclipse.org/bugs/show_bug.cgi?id=382070,382070,[Contributions] Dynamic menu model changes are not reflected in the UI
0,,3,,,,,8,https://bugs.eclipse.org/bugs/show_bug.cgi?id=384349,384349,"[Contributions] New Toolbar in Eclipse 4.2 with Resume, Step Into, ... is lost after restoring the perspective"
3,,0,,,,,8,https://bugs.eclipse.org/bugs/show_bug.cgi?id=385302,385302,[KeyBindings] Some custom ALT+... shortcuts do not work in Juno
2,2,0,,,,,8,https://bugs.eclipse.org/bugs/show_bug.cgi?id=385840,385840,[Contributions] Setting a new label and tooltip text to a HandledToolItem does not work
1,2,1,,,,,8,https://bugs.eclipse.org/bugs/show_bug.cgi?id=387821,387821,[Contributions] [CPD] CustomizePerspectiveDialog requires 2 checks to hide Navigate>Show In
3,,0,,,,,8,https://bugs.eclipse.org/bugs/show_bug.cgi?id=388918,388918,Clean up code in org.eclipse.e4.ui.widgets.ImageBasedFrame.drawFrame(PaintEvent)
1,,1,,2,,,8,https://bugs.eclipse.org/bugs/show_bug.cgi?id=393839,393839,[RenderingEngine] Extensions concept for Renderer factory
0,2,2,,,,,8,https://bugs.eclipse.org/bugs/show_bug.cgi?id=394958,394958,[KeyBindings] The key binding of a contributed menu item is no longer shown
3,,0,,,,,8,https://bugs.eclipse.org/bugs/show_bug.cgi?id=401488,401488,[KeyBindings] Key binding conflict reported for a multipage editor even though the functionality works
0,,3,,,,,8,https://bugs.eclipse.org/bugs/show_bug.cgi?id=406097,406097,Add ability to drag and drop shared editor area
0,2,2,,,,,8,https://bugs.eclipse.org/bugs/show_bug.cgi?id=410485,410485,[EditorMgmt] [DetachedEditor] Opening an editor when a detached window has focus opens in workbench window instead of detached window
0,,2,2,,,,8,https://bugs.eclipse.org/bugs/show_bug.cgi?id=410723,410723,[FastView] E4 misses a button for opening a new (fast) view
2,2,0,,,,,8,https://bugs.eclipse.org/bugs/show_bug.cgi?id=411133,411133,[Import/Export] Cannot import project into workspace
0,,3,,,,,8,https://bugs.eclipse.org/bugs/show_bug.cgi?id=418070,418070,[PropertiesView] [Min/Max] Data getting disappeared on maximizing a property view
0,,3,,,,,8,https://bugs.eclipse.org/bugs/show_bug.cgi?id=309306,309306,[ActivityMgmt] [ActionSets] Activities will remove actions but not parent menu
0,,3,,,,,8,https://bugs.eclipse.org/bugs/show_bug.cgi?id=379216,379216,[Model] Elements with no elementID coming from fragments are never matched by ModelAssember and duplicated on startup
0,2,2,,,,,8,https://bugs.eclipse.org/bugs/show_bug.cgi?id=244316,244316,"[WorkbenchLauncher] File->""Switch Workspace""->Other does nothing first time"
0,,3,,,,,8,https://bugs.eclipse.org/bugs/show_bug.cgi?id=374568,374568,Part menu is not rendered correctly after removing menu items.
1,2,1,,,,,8,https://bugs.eclipse.org/bugs/show_bug.cgi?id=431444,431444,[Commands] Saving when closing an editor does not fire command execution listeners
0,,3,,,,,8,https://bugs.eclipse.org/bugs/show_bug.cgi?id=408730,408730,[Contributions] Missing label for toolbar menu contribution
2,2,0,,,,,8,https://bugs.eclipse.org/bugs/show_bug.cgi?id=246224,246224,[Contributions] Accessing SharedImages in plugin.xml (for ex. org.eclipse.ui.menus)
3,,0,,,,,8,https://bugs.eclipse.org/bugs/show_bug.cgi?id=334391,334391,[Contributions] java.lang.IllegalArgumentException in CustomizePerspectiveDialog
2,,2,,,,,8,https://bugs.eclipse.org/bugs/show_bug.cgi?id=398819,398819,[Import/Export] Can't import and overwrite existing projects into workspace code broken
2,,2,,,,,8,https://bugs.eclipse.org/bugs/show_bug.cgi?id=163601,163601,[Import/Export] Can't import and overwrite existing projects into workspace
0,,3,,,,,8,https://bugs.eclipse.org/bugs/show_bug.cgi?id=357485,357485,[KeyBindings] Keys preference page should show user-unbound commands as changed
3,,0,,,,,8,https://bugs.eclipse.org/bugs/show_bug.cgi?id=417423,417423,[KeyBindings] Some important keybindings are not working in Kepler Release
2,2,0,,,,,8,https://bugs.eclipse.org/bugs/show_bug.cgi?id=6698,6698,[Markers] Quick Bookmark
2,2,0,,,,,8,https://bugs.eclipse.org/bugs/show_bug.cgi?id=232383,232383,[Markers] Quick fixes need to be sorted prior to UI display
2,2,0,,,,,8,https://bugs.eclipse.org/bugs/show_bug.cgi?id=162983,162983,[WorkingSets] Create new working set via copy operation
2,,2,,,,,8,https://bugs.eclipse.org/bugs/show_bug.cgi?id=424601,424601,[WorkingSets] Filtering resources in ResourceWorkingSetPage
2,,2,,,,,8,https://bugs.eclipse.org/bugs/show_bug.cgi?id=433876,433876,[CSS] Editor refreshing issue after switching the CSS theme with the pref dialog
0,,0,,3,,,8,https://bugs.eclipse.org/bugs/show_bug.cgi?id=428821,428821,[CSS] [Themes] Allow the preference dialog to be styled
2,,2,,,,,8,https://bugs.eclipse.org/bugs/show_bug.cgi?id=428666,428666,[ActivityMgmt] [RCP] Activity does not hide View Category
0,,3,,,,,8,https://bugs.eclipse.org/bugs/show_bug.cgi?id=305175,305175,"[Dialogs] MessageDialog#openConfirm returns true, if the display is disposed"
,,,3,,,,8,https://bugs.eclipse.org/bugs/show_bug.cgi?id=405296,405296,[Workbench] Extension point contributions stay active when contributing plug-in is not available
0,,1,,2,,,6,https://bugs.eclipse.org/bugs/show_bug.cgi?id=421790,421790,[EclipseContexts] add boolean isModifiable() to IEclipseContext
1,,2,,,,,6,https://bugs.eclipse.org/bugs/show_bug.cgi?id=355750,355750,WorkbenchWindowAdvisor#isDurableFolder() doesn't survive a save and restore
0,,1,,2,,,6,https://bugs.eclipse.org/bugs/show_bug.cgi?id=249109,249109,[Trim] set toolbar icons with drag and drop
2,,1,,,,,6,https://bugs.eclipse.org/bugs/show_bug.cgi?id=317208,317208,Missing items on context menu on minimized views
2,,1,,,,,6,https://bugs.eclipse.org/bugs/show_bug.cgi?id=360065,360065,NPE in dndaddon.DnDManager
1,,0,,2,,,6,https://bugs.eclipse.org/bugs/show_bug.cgi?id=170205,170205,[WorkingSets] NPE in org.eclipse.ui.XMLMemento.getChildren(XMLMemento.java:235)
1,1,1,,,,,6,https://bugs.eclipse.org/bugs/show_bug.cgi?id=183458,183458,[Progress] Need to have UIJobs wait until workbench has started
1,,0,,2,,,6,https://bugs.eclipse.org/bugs/show_bug.cgi?id=236416,236416,[ActivityMgmt] Capabilities are not correctly adding their new project wizards to the main menu if added to an existing installation
1,,0,,2,,,6,https://bugs.eclipse.org/bugs/show_bug.cgi?id=271613,271613,[ActivityMgmt] Preference-pages and activities
0,,1,2,,,,6,https://bugs.eclipse.org/bugs/show_bug.cgi?id=314159,314159,[CSS] part can be sized so small that text does not show and chevron dangles to left
1,2,0,,,,,6,https://bugs.eclipse.org/bugs/show_bug.cgi?id=320739,320739,[Contributions] [Compatibility] 'Content Assist' submenu of the 'Edit' menu appears in the wrong place
0,2,1,,,,,6,https://bugs.eclipse.org/bugs/show_bug.cgi?id=357652,357652,[Compatibility] Allow model contribution to be merged into the model AFTER the compat layer
0,2,1,,,,,6,https://bugs.eclipse.org/bugs/show_bug.cgi?id=363069,363069,[KeyBindings] [Compatibility] multi-stroke key bindings should provide status line indication
0,2,1,,,,,6,https://bugs.eclipse.org/bugs/show_bug.cgi?id=369796,369796,[CSS] Enable unibrow editor mode in CSS
0,2,1,,,,,6,https://bugs.eclipse.org/bugs/show_bug.cgi?id=369978,369978,[ViewMgmt] Regression in traversal of editor tabs from 3.x to 4.x
1,1,1,,,,,6,https://bugs.eclipse.org/bugs/show_bug.cgi?id=378873,378873,"""Configuration"" menu contribution at wrong position in Java editor breadcrumb"
2,,1,,,,,6,https://bugs.eclipse.org/bugs/show_bug.cgi?id=378939,378939,[Workbench] Request to close the lifecycle of the application model
2,,1,,,,,6,https://bugs.eclipse.org/bugs/show_bug.cgi?id=384308,384308,[DND] Moving editors between windows not working (slow down of development on dual monitors)
0,1,2,,,,,6,https://bugs.eclipse.org/bugs/show_bug.cgi?id=385015,385015,"[CSS] Easily adjust font, size and color of *every* UI element"
2,,1,,,,,6,https://bugs.eclipse.org/bugs/show_bug.cgi?id=386803,386803,[QuickAccess] Active Keybinding Contexts not deactivated in Quick Access
0,,1,,2,,,6,https://bugs.eclipse.org/bugs/show_bug.cgi?id=393695,393695,[Regression] setGlobalActionHandlers(*) is stashing handlers in different locations
1,,0,,2,,,6,https://bugs.eclipse.org/bugs/show_bug.cgi?id=395205,395205,[CSS] Allow custom renderers to be defined using CSS
1,,2,,,,,6,https://bugs.eclipse.org/bugs/show_bug.cgi?id=401735,401735,[DND] can't move editor tab to first position when editor area overflows
1,,2,,,,,6,https://bugs.eclipse.org/bugs/show_bug.cgi?id=409055,409055,[Markers] Marker Properties do not resize
2,1,0,,,,,6,https://bugs.eclipse.org/bugs/show_bug.cgi?id=206559,206559,[Preferences] Preferences dialog should have link to export/import
2,,1,,,,,6,https://bugs.eclipse.org/bugs/show_bug.cgi?id=359059,359059,[Commands] [Compatibility] Undefined context error when restarting with a PHP file open
1,,2,,,,,6,https://bugs.eclipse.org/bugs/show_bug.cgi?id=408353,408353,[Contributions] closeAllSaved should be added to IWorkbenchCommandConstants
1,,2,,,,,6,https://bugs.eclipse.org/bugs/show_bug.cgi?id=432120,432120,[Contributions] Empty popup submenu not hidden in the XML editor
2,,1,,,,,6,https://bugs.eclipse.org/bugs/show_bug.cgi?id=166149,166149,[Import/Export] Import project dialog should show paths on the file system
2,,1,,,,,6,https://bugs.eclipse.org/bugs/show_bug.cgi?id=421930,421930,[Import/Export] Import directory as project from File > Open... or Import wizard or DND...
2,,1,,,,,6,https://bugs.eclipse.org/bugs/show_bug.cgi?id=212747,212747,[Markers] Improve inline editing
2,,1,,,,,6,https://bugs.eclipse.org/bugs/show_bug.cgi?id=282585,282585,[Markers] Problems view no longer highlighted when new problems added while in background
2,,1,,,,,6,https://bugs.eclipse.org/bugs/show_bug.cgi?id=379123,379123,[Markers] ArrayIndexOutOfBoundsException
2,,1,,,,,6,https://bugs.eclipse.org/bugs/show_bug.cgi?id=430516,430516,[Wizards] New project creation wizard page does not validate on show
0,2,0,,,,,4,https://bugs.eclipse.org/bugs/show_bug.cgi?id=435521,435521,Javadoc warning due to illegal use of internal API - provide cleaner solution for bug 408359: Breakpoints view is frequently empty when opened from minimized
2,,0,,,,,4,https://bugs.eclipse.org/bugs/show_bug.cgi?id=433933,433933,[DND] DnD Polish
1,,1,,,,,4,https://bugs.eclipse.org/bugs/show_bug.cgi?id=432174,432174,Add org.eclipse.ui.internal.registry.PerspectiveDescriptor.getOriginalId() to IPerspectiveDescriptor
0,,2,,,,,4,https://bugs.eclipse.org/bugs/show_bug.cgi?id=436749,436749,Detached view keeps/regains focus after Show In on GTK
0,,0,,2,,,4,https://bugs.eclipse.org/bugs/show_bug.cgi?id=400443,400443,[Perspectives] Perspective switch not working on startup
0,,0,,2,,,4,https://bugs.eclipse.org/bugs/show_bug.cgi?id=411724,411724,[Trim] Hidden toolbar doesn't stay hidden
0,,2,,,,,4,https://bugs.eclipse.org/bugs/show_bug.cgi?id=79991,79991,[EditorMgmt] 'File > Save As' doesn't update navigation history
1,,0,,1,,,4,https://bugs.eclipse.org/bugs/show_bug.cgi?id=379144,379144,[DI] Same EventAdmin Service injected twice
2,,0,,,,,4,https://bugs.eclipse.org/bugs/show_bug.cgi?id=361580,361580,The Contributed part renderer's 'getUIContainer' can throw a CCE for a part contained in a sash Container
0,,0,,2,,,4,https://bugs.eclipse.org/bugs/show_bug.cgi?id=153761,153761,[Mac] Investigate API for contributing to the application menu
0,,0,,2,,,4,https://bugs.eclipse.org/bugs/show_bug.cgi?id=168379,168379,[EditorMgmt] Investigate possible editor tab management improvements
0,,0,,2,,,4,https://bugs.eclipse.org/bugs/show_bug.cgi?id=231314,231314,[Themes] ColorRegistry is not sharing Color resources
0,,0,,2,,,4,https://bugs.eclipse.org/bugs/show_bug.cgi?id=309248,309248,[Workbench] [Compatibility] Unsaved changes dialog needs polish
0,,2,,,,,4,https://bugs.eclipse.org/bugs/show_bug.cgi?id=317465,317465,Implement context menu equivalents for 3.x context menus on Views/Editors/Perspectives (in the switcher)
0,,0,,2,,,4,https://bugs.eclipse.org/bugs/show_bug.cgi?id=320161,320161,"[About] [Compatibility] About dialog shows scroll bars, need to backport bug 292868"
2,,0,,,,,4,https://bugs.eclipse.org/bugs/show_bug.cgi?id=325779,325779,[Trim] [Compatibility] minimized stack is gone
0,,0,,2,,,4,https://bugs.eclipse.org/bugs/show_bug.cgi?id=332130,332130,[Contexts] [Compatibility] create runtime contexts correctly
0,2,0,,,,,4,https://bugs.eclipse.org/bugs/show_bug.cgi?id=336612,336612,[Workbench] Save blocks UI instead of reporting progress
1,,1,,,,,4,https://bugs.eclipse.org/bugs/show_bug.cgi?id=347843,347843,[Workbench] [Compatibility] Save handling has changed in 3.x
1,,1,,,,,4,https://bugs.eclipse.org/bugs/show_bug.cgi?id=348940,348940,[Trim] [UI] Dragging a stack into the shared area leaves its min/max buttons showing
1,,1,,,,,4,https://bugs.eclipse.org/bugs/show_bug.cgi?id=359597,359597,[Perspectives] Reset perspective with views in shared area should reset views in all effected perspectives
0,2,0,,,,,4,https://bugs.eclipse.org/bugs/show_bug.cgi?id=369882,369882,[Contributions] visibleWhen and checkenabled=true not working correctly in menu
0,1,1,,,,,4,https://bugs.eclipse.org/bugs/show_bug.cgi?id=372393,372393,[Compatibility] Remove MRenderedToolBar and its associated renderer
0,,2,,,,,4,https://bugs.eclipse.org/bugs/show_bug.cgi?id=379396,379396,[RenderingEngine] How to set the style of the application window
0,2,0,,,,,4,https://bugs.eclipse.org/bugs/show_bug.cgi?id=382648,382648,add Trace Log view
0,,2,,,,,4,https://bugs.eclipse.org/bugs/show_bug.cgi?id=384240,384240,[DND] Allow to drag'n'drop view on a minimized stack
0,,2,,,,,4,https://bugs.eclipse.org/bugs/show_bug.cgi?id=385547,385547,[PerspectiveBar] [PerspectiveSwitcher] Remove all dependencies on org.eclipse.ui.* (Pure E4)
1,,1,,,,,4,https://bugs.eclipse.org/bugs/show_bug.cgi?id=386804,386804,[DND] The target area to DND Views and Editors into existing stacks is too small
0,,2,,,,,4,https://bugs.eclipse.org/bugs/show_bug.cgi?id=390376,390376,[DetachedView] opening file should open in the editor window that has focus
1,,1,,,,,4,https://bugs.eclipse.org/bugs/show_bug.cgi?id=390787,390787,[key binding] Chinese content assist key bindings broken
2,,0,,,,,4,https://bugs.eclipse.org/bugs/show_bug.cgi?id=391711,391711,[Markers] org.eclipse.ui.internal.views.markers.QuickFixHandler duplicates selected marker
0,1,1,,,,,4,https://bugs.eclipse.org/bugs/show_bug.cgi?id=399100,399100,[Workbench] Clicking a Preference page hyperlink that directs to a view can cause Conflicting Handler errors.
0,,2,,,,,4,https://bugs.eclipse.org/bugs/show_bug.cgi?id=403011,403011,[RenderingEngine] Full screen mode not remembered
0,,0,,2,,,4,https://bugs.eclipse.org/bugs/show_bug.cgi?id=403646,403646,[Contributions] Toolbar icons are misplaced the first time a clean workspace is used
0,,2,,,,,4,https://bugs.eclipse.org/bugs/show_bug.cgi?id=412144,412144,[Trim] Accessibility - Shortcuts not working after the last open editor is maximized and closed
0,,2,,,,,4,https://bugs.eclipse.org/bugs/show_bug.cgi?id=413626,413626,[Workbench] IntroHandler fails because of early initialialization
0,,2,,,,,4,https://bugs.eclipse.org/bugs/show_bug.cgi?id=416138,416138,[DND] [regression] Missing DnD support for minimized stack items
0,,2,,,,,4,https://bugs.eclipse.org/bugs/show_bug.cgi?id=417351,417351,[Min/Max] [WorkbenchParts] No active editor after maximizing then restoring a view
0,,2,,,,,4,https://bugs.eclipse.org/bugs/show_bug.cgi?id=417380,417380,[Contributions] Using the Go Into context menu causes view chrome to disappear
0,,2,,,,,4,https://bugs.eclipse.org/bugs/show_bug.cgi?id=417724,417724,[Viewers] Generify IElementComparer
2,,0,,,,,4,https://bugs.eclipse.org/bugs/show_bug.cgi?id=364843,364843,[Contributions] [Compatibility] missing tooltips on some actions in main toolbar
0,,2,,,,,4,https://bugs.eclipse.org/bugs/show_bug.cgi?id=370430,370430,"[KeyBindings] Rename ""Workbench"" context and hide if not supported"
0,1,0,,1,,,4,https://bugs.eclipse.org/bugs/show_bug.cgi?id=345939,345939,Key Assist dialog: info text should show key strokes in single quotes
0,,2,,,,,4,https://bugs.eclipse.org/bugs/show_bug.cgi?id=226842,226842,[KeyBindings] Can only switch to Emacs keybindings once.
0,,2,,,,,4,https://bugs.eclipse.org/bugs/show_bug.cgi?id=407432,407432,"[Metadata] Run the ""broken NLS string"" tool on UI bundles"
0,,2,,,,,4,https://bugs.eclipse.org/bugs/show_bug.cgi?id=281455,281455,ConcurrentModificationException while closing project
0,2,0,,,,,4,https://bugs.eclipse.org/bugs/show_bug.cgi?id=267083,267083,[Commands] [Services] ui.workbench provided factories NPE with dialog
0,,2,,,,,4,https://bugs.eclipse.org/bugs/show_bug.cgi?id=171945,171945,[Commands] Add OpenWithOther command
2,,0,,,,,4,https://bugs.eclipse.org/bugs/show_bug.cgi?id=99154,99154,[Commands] request: Switch between open editors with Alt-<number>
2,,0,,,,,4,https://bugs.eclipse.org/bugs/show_bug.cgi?id=50969,50969,[Commands] request: Move to bookmark
2,,0,,,,,4,https://bugs.eclipse.org/bugs/show_bug.cgi?id=48438,48438,[Commands] request: Select All does not work in resource or package explorer view
0,2,0,,,,,4,https://bugs.eclipse.org/bugs/show_bug.cgi?id=387233,387233,[Contributions] Allow contributions to stack menu
2,,0,,,,,4,https://bugs.eclipse.org/bugs/show_bug.cgi?id=155415,155415,"[Contributions] Only ViewerContribution should listen to selection changes, not its actions"
0,,2,,,,,4,https://bugs.eclipse.org/bugs/show_bug.cgi?id=270747,270747,"[Contributions] [CPD] Allow disabling of ""Show In"" submenus"
0,2,0,,,,,4,https://bugs.eclipse.org/bugs/show_bug.cgi?id=291318,291318,[Contributions] [CPD] Coolbar doesn't work properly when removed the 'file' group
0,,2,,,,,4,https://bugs.eclipse.org/bugs/show_bug.cgi?id=419242,419242,"[Contributions] Save, Save All, Print toolbar items ignored hiddenToolbarItem in perspectiveExtension"
2,,0,,,,,4,https://bugs.eclipse.org/bugs/show_bug.cgi?id=421584,421584,[Contributions] Edit Working Set Dialog Very Slow
2,,0,,,,,4,https://bugs.eclipse.org/bugs/show_bug.cgi?id=239636,239636,[Wizards] [Import/Export] Import projects as closed by default
2,,0,,,,,4,https://bugs.eclipse.org/bugs/show_bug.cgi?id=257015,257015,[Import/Export] Add support to import a project from a HTTP URL
2,,0,,,,,4,https://bugs.eclipse.org/bugs/show_bug.cgi?id=154192,154192,[Markers] [WorkingSets] Task filtering by working set shows task outside selected working set
2,,0,,,,,4,https://bugs.eclipse.org/bugs/show_bug.cgi?id=215628,215628,[Markers] Losing selection shouldn't scroll back to the top
2,,0,,,,,4,https://bugs.eclipse.org/bugs/show_bug.cgi?id=243355,243355,[Wizards] Error reporting could be improved for import wizard
2,,0,,,,,4,https://bugs.eclipse.org/bugs/show_bug.cgi?id=142343,142343,[WorkingSets] Window Working Set doesn't get selected on working set deletion
2,,0,,,,,4,https://bugs.eclipse.org/bugs/show_bug.cgi?id=144986,144986,[WorkingSets] Select Working Sets multiselect problems
2,,0,,,,,4,https://bugs.eclipse.org/bugs/show_bug.cgi?id=227262,227262,[WorkingSets] Select working set to clean.
2,,0,,,,,4,https://bugs.eclipse.org/bugs/show_bug.cgi?id=181985,181985,[WorkingSets] Add a visual indicator of active window working set
2,,0,,,,,4,https://bugs.eclipse.org/bugs/show_bug.cgi?id=56558,56558,[Themes] [Fonts/Colors] Provide UI to set fonts for trees and tables
2,,0,,,,,4,https://bugs.eclipse.org/bugs/show_bug.cgi?id=433724,433724,[CSS] [package explorer] Files opened in editor are not shown as bold in the viewer
0,,0,,2,,,4,https://bugs.eclipse.org/bugs/show_bug.cgi?id=423723,423723,[Dialogs] 'Open Resource' dialog remains open when 'Show In' > 'Properties' chosen
0,,2,,,,,4,https://bugs.eclipse.org/bugs/show_bug.cgi?id=417411,417411,"[CellEditors] Empty row at the bottom of the priority drop-down list in the ""Tasks"" view"
,,,,,2,,4,
0,,1,,,,,2,https://bugs.eclipse.org/bugs/show_bug.cgi?id=432297,432297,add setGlobal to IEclipseContext
0,,1,,,,,2,https://bugs.eclipse.org/bugs/show_bug.cgi?id=437597,437597,[Navigator] Problem with CommonSorterDescriptorManager_A_navigatorContent_extesnion_in_0_
0,,1,,,,,2,https://bugs.eclipse.org/bugs/show_bug.cgi?id=432869,432869,Path.hashCode() does not represent the actual path
0,,1,,,,,2,https://bugs.eclipse.org/bugs/show_bug.cgi?id=435523,435523,[Trim] toolbar groups docked on status bar misaligned
0,,1,,,,,2,https://bugs.eclipse.org/bugs/show_bug.cgi?id=436885,436885,[OLE] [Win32] menu items disappear after editing an office file
0,,1,,,,,2,https://bugs.eclipse.org/bugs/show_bug.cgi?id=437213,437213,[Perspectives] Disabling floating editors
0,,1,,,,,2,https://bugs.eclipse.org/bugs/show_bug.cgi?id=171398,171398,[PresentationAPI] Full screen editing
0,,1,,,,,2,https://bugs.eclipse.org/bugs/show_bug.cgi?id=28722,28722,[EditorMgmt] tabs: Split tabs in editor into several lines
0,,0,,1,,,2,https://bugs.eclipse.org/bugs/show_bug.cgi?id=164372,164372,[OpenModes] OpenStrategy not working properly for the Expand-Event
1,,0,,,,,2,https://bugs.eclipse.org/bugs/show_bug.cgi?id=244364,244364,[MPE] [EditorMgmt] Implement a split editor based on AbstractMultiEditor
0,,1,,,,,2,https://bugs.eclipse.org/bugs/show_bug.cgi?id=248561,248561,[Progress] Accessibility: Text changes in progress dialogs are not read by screen readers
0,,1,,,,,2,https://bugs.eclipse.org/bugs/show_bug.cgi?id=267851,267851,[GlobalActions] Copy refactoring is not triggered in Project Explorer
1,,0,,,,,2,https://bugs.eclipse.org/bugs/show_bug.cgi?id=284439,284439,[Workbench] [Compatibility] NPE in FormOutlinePage during delete
0,,1,,,,,2,https://bugs.eclipse.org/bugs/show_bug.cgi?id=318224,318224,[Decorators] Decoration context should specify decoration area in image (was: Model-based synchronize view shows decorations at unexpected location)
0,1,0,,,,,2,https://bugs.eclipse.org/bugs/show_bug.cgi?id=338827,338827,[Commands] Regression in 3.6.2 handler enabledWhen core expression
1,,0,,,,,2,https://bugs.eclipse.org/bugs/show_bug.cgi?id=364975,364975,[patch][Presentations] Icons from one view's toolbar flicker in the top left view's title area
0,,1,,,,,2,https://bugs.eclipse.org/bugs/show_bug.cgi?id=365804,365804,[BiDi] [Bidi] HEW TVT : RTL affecting path names and negative numbers.
0,,1,,,,,2,https://bugs.eclipse.org/bugs/show_bug.cgi?id=366543,366543,[Progress] Text in progress dialog is truncated even if progress dialog has plenty of space
0,,1,,,,,2,https://bugs.eclipse.org/bugs/show_bug.cgi?id=368470,368470,[IDE] Editor Selection dialog displays Bidirectional strings in left-to-right orientation
0,,1,,,,,2,https://bugs.eclipse.org/bugs/show_bug.cgi?id=376302,376302,[CSS] editor ruler not/hardly visible
0,,1,,,,,2,https://bugs.eclipse.org/bugs/show_bug.cgi?id=376491,376491,[KeyBindings] Compare editor shortcuts
0,,1,,,,,2,https://bugs.eclipse.org/bugs/show_bug.cgi?id=377293,377293,[Commands] [Compatibility] ICommandService/IExecutionListener pattern needs re-visit
0,,1,,,,,2,https://bugs.eclipse.org/bugs/show_bug.cgi?id=378798,378798,[WorkbenchLauncher] bidi2012 - Incorrect display of Workspace path with Hebrew in workspace list
0,,1,,,,,2,https://bugs.eclipse.org/bugs/show_bug.cgi?id=378815,378815,Need better story for handling model elements that should disappear on startup
0,,1,,,,,2,https://bugs.eclipse.org/bugs/show_bug.cgi?id=379094,379094,bidi2012 - Error when paste project path with Hebrew to Windows Explorer
0,,1,,,,,2,https://bugs.eclipse.org/bugs/show_bug.cgi?id=379257,379257,[GlobalActions] Registering actions should not be required to use standard org.eclipse.ui commands
0,,1,,,,,2,https://bugs.eclipse.org/bugs/show_bug.cgi?id=379719,379719,"[BiDi] bidi2012 - Wrong display of Hebrew in Properties caption, AIX"
0,,1,,,,,2,https://bugs.eclipse.org/bugs/show_bug.cgi?id=379720,379720,[PropertiesDialog] [BiDi] bidi2012- Incorrect display of path with Hebrew characters in Properties view - AIX
0,,1,,,,,2,https://bugs.eclipse.org/bugs/show_bug.cgi?id=380931,380931,[WorkbenchParts] NotHandledException in Sketch diagram after pressing Shift-Del
0,1,0,,,,,2,https://bugs.eclipse.org/bugs/show_bug.cgi?id=380995,380995,[Workbench] LegacyIDE.e4xmi is not in an optional plugin
0,,1,,,,,2,https://bugs.eclipse.org/bugs/show_bug.cgi?id=381487,381487,[BiDi] Handle bidi in affected text fields (when Hebrew characters appear in the path)
0,,1,,,,,2,https://bugs.eclipse.org/bugs/show_bug.cgi?id=383654,383654,'Toggle Editor Area Visibility' needs to be renamed to 'Toggle Shared Area Visibility'
0,,1,,,,,2,https://bugs.eclipse.org/bugs/show_bug.cgi?id=385295,385295,[PropertiesView] Malformed Java class properties with Hebrew
0,,1,,,,,2,https://bugs.eclipse.org/bugs/show_bug.cgi?id=387978,387978,[Trim] [Min/Max] Console popup (above another maximized view/editor) does not disappear anymore as long as it hasn't got focus at least once
0,,1,,,,,2,https://bugs.eclipse.org/bugs/show_bug.cgi?id=389620,389620,[KeyBindings] Cannot unbind or disable behaviour of ALT+SHIFT+D multi-stroke key bindings
0,,1,,,,,2,https://bugs.eclipse.org/bugs/show_bug.cgi?id=390398,390398,"[Trim] TrimBar set to invisible when setting ""Spacer Glue"" invisible"
0,,1,,,,,2,https://bugs.eclipse.org/bugs/show_bug.cgi?id=394036,394036,[Progress] The Progress view does not track the state of enabled commands
0,,1,,,,,2,https://bugs.eclipse.org/bugs/show_bug.cgi?id=400496,400496,Invalid Menu Extension in show in menu
0,,1,,,,,2,https://bugs.eclipse.org/bugs/show_bug.cgi?id=404535,404535,[EditorMgmt] Enabling navigation history for inter tab navigation in multi page editors
0,,1,,,,,2,https://bugs.eclipse.org/bugs/show_bug.cgi?id=405521,405521,[CSS] Provide default CSS styling for RCP applications running on compatibility layer
0,,1,,,,,2,https://bugs.eclipse.org/bugs/show_bug.cgi?id=407238,407238,[DetachedView] Seperate window containing view has no title
0,,1,,,,,2,https://bugs.eclipse.org/bugs/show_bug.cgi?id=409081,409081,BIDI 4.2.2 : Welcome Page isn't correctly mirrored
0,,1,,,,,2,https://bugs.eclipse.org/bugs/show_bug.cgi?id=415241,415241,[Markers] The Tasks View displays the same item multiple times if there are symbolic link duplicates
0,,1,,,,,2,https://bugs.eclipse.org/bugs/show_bug.cgi?id=415965,415965,"[QuickAccess]  ""Show whitespace characters"" is no longer in the ""Previous Choices"" after restart"
0,,1,,,,,2,https://bugs.eclipse.org/bugs/show_bug.cgi?id=376896,376896,[Contributions] Toolbar button order off in newly created window
0,,1,,,,,2,https://bugs.eclipse.org/bugs/show_bug.cgi?id=123808,123808,[RCP] [WorkbenchParts] Allow app to hide actions in editor and view system menus
0,,1,,,,,2,https://bugs.eclipse.org/bugs/show_bug.cgi?id=195672,195672,"[DetachedView] Search dialog misses some options, if called from detached package explorer"
0,,1,,,,,2,https://bugs.eclipse.org/bugs/show_bug.cgi?id=396974,396974,[Contributions] Multiple Parents for MenuContribution item
0,,1,,,,,2,https://bugs.eclipse.org/bugs/show_bug.cgi?id=193670,193670,[Commands] org.eclipse.ui.commands/command extension point should define default contextId
0,,1,,,,,2,https://bugs.eclipse.org/bugs/show_bug.cgi?id=257204,257204,[Contributions] CPD does not affect items visible in editors
1,,0,,,,,2,https://bugs.eclipse.org/bugs/show_bug.cgi?id=428437,428437,[Contributions] Unable to delete resources in Project/Package explorer
1,,0,,,,,2,https://bugs.eclipse.org/bugs/show_bug.cgi?id=367080,367080,"[markers] bookmarks: Creation dialog has mandatory ""Name"", bookmarks view has optional ""Description"""
0,,1,,,,,2,https://bugs.eclipse.org/bugs/show_bug.cgi?id=212847,212847,[Markers] new Tasks view: can't delete task via toolbar anymore
0,,1,,,,,2,https://bugs.eclipse.org/bugs/show_bug.cgi?id=212850,212850,[Markers] new Bookmarks view: can't delete bookmark via toolbar anymore
1,,0,,,,,2,https://bugs.eclipse.org/bugs/show_bug.cgi?id=184796,184796,[QuickAccess] Quick access chooser looks too empty first time
0,,1,,,,,2,https://bugs.eclipse.org/bugs/show_bug.cgi?id=435036,435036,[TabbedProperties] TabbedPropertySheet: Shortcut for Scrollbar not working
0,,1,,,,,2,https://bugs.eclipse.org/bugs/show_bug.cgi?id=419082,419082,"[Dialogs] [jface] When dialog is not resizable, help is un-responsive"
0,,1,,,,,2,https://bugs.eclipse.org/bugs/show_bug.cgi?id=417410,417410,"[CellEditors] Status bar not updated when ""Select all"" action executed"
0,,1,,,,,2,https://bugs.eclipse.org/bugs/show_bug.cgi?id=272884,272884,"[EditorMgmt] IWorkbenchPage#openEditors(IEditorInput[], ..) should add editors at front of MRU list"
0,,0,,,,,0,https://bugs.eclipse.org/bugs/show_bug.cgi?id=422467,422467,Performance and stability of Platform user interface
0,,0,,,,,0,https://bugs.eclipse.org/bugs/show_bug.cgi?id=434153,434153,Cleanup JFace code in preparation for GSoc
0,,0,,,,,0,https://bugs.eclipse.org/bugs/show_bug.cgi?id=436430,436430,Allow larger images than 519 pixel in the N&N
0,,0,,,,,0,https://bugs.eclipse.org/bugs/show_bug.cgi?id=435734,435734,[About] Eclipse SDK Installation Details Features page is not fit for purpose
0,,0,,,,,0,https://bugs.eclipse.org/bugs/show_bug.cgi?id=436635,436635,"""context menu > Show In"" broken on GTK+ 3"
0,,0,,,,,0,https://bugs.eclipse.org/bugs/show_bug.cgi?id=189959,189959,Allow for custom branded detached view windows
0,,0,,,,,0,https://bugs.eclipse.org/bugs/show_bug.cgi?id=208233,208233,[Trim] Allow for sliding toolbars
0,,0,,,,,0,https://bugs.eclipse.org/bugs/show_bug.cgi?id=214974,214974,[Workbench] Allow Workbench UI state to save/restore to user-provided Input/Output Streams
0,,0,,,,,0,https://bugs.eclipse.org/bugs/show_bug.cgi?id=357282,357282,Provide fading feedback for large screen operations
0,,0,,,,,0,https://bugs.eclipse.org/bugs/show_bug.cgi?id=279631,279631,[ViewMgmt] [Compatibility] View toolbar clips folder tab
0,,0,,,,,0,https://bugs.eclipse.org/bugs/show_bug.cgi?id=284387,284387,"[Contributions] [Compatibility] pagesite (Outline, Synchronize) actionbar contributions only show up once"
0,,0,,,,,0,https://bugs.eclipse.org/bugs/show_bug.cgi?id=284413,284413,[Model] [Compatibility] Create a model instance wizard
0,,0,,,,,0,https://bugs.eclipse.org/bugs/show_bug.cgi?id=290008,290008,[DnD] Enhance drag and drop to automatically surface the view/editor if hidden in a tab
0,,0,,,,,0,https://bugs.eclipse.org/bugs/show_bug.cgi?id=317379,317379,[DetachedView] [Presentations] All detached views pop up when user clicks on only one of the detached views or main window
0,,0,,,,,0,https://bugs.eclipse.org/bugs/show_bug.cgi?id=318460,318460,[Contributions] [Compatibility] Failed to open error log in I20100629-2126
0,,0,,,,,0,https://bugs.eclipse.org/bugs/show_bug.cgi?id=320733,320733,[Contributions] [WorkbenchLauncher] [Compatibility] Exception logged once when bringing up the 'Team' submenu
0,,0,,,,,0,https://bugs.eclipse.org/bugs/show_bug.cgi?id=321864,321864,"[Compatibility] Parts, placeholders, editor areas, and what they mean to the 3.x API"
0,,0,,,,,0,https://bugs.eclipse.org/bugs/show_bug.cgi?id=342911,342911,[ViewMgmt] [Compatibility] DBCS4.1 Problems view icon does not indicate error/warning in Eclipse 4.1
0,,0,,,,,0,https://bugs.eclipse.org/bugs/show_bug.cgi?id=344638,344638,[ErrorHandling] Enhance the Logger's 'SHOW' dialog with one the contains the Error View
0,,0,,,,,0,https://bugs.eclipse.org/bugs/show_bug.cgi?id=345762,345762,[Contributions] Tool bar in the photo demo's tab folder looks awful
0,,0,,,,,0,https://bugs.eclipse.org/bugs/show_bug.cgi?id=347643,347643,[Contributions] [Compatibility] Editor actions linger in toolbar when opening new workbench window
0,,0,,,,,0,https://bugs.eclipse.org/bugs/show_bug.cgi?id=347829,347829,[Contributions] PropertyTester not getting fired for objectContribution(s) unless view from providing plug-in is loaded.
0,,0,,,,,0,https://bugs.eclipse.org/bugs/show_bug.cgi?id=348250,348250,[RenderingEngine] Context's are not correctly reparented in createGui
0,,0,,,,,0,https://bugs.eclipse.org/bugs/show_bug.cgi?id=349144,349144,[EditorMgmt] [UI] Editor Stack selection needs refinement
0,,0,,,,,0,https://bugs.eclipse.org/bugs/show_bug.cgi?id=356787,356787,[Wizards] Widget Dispose Error
0,,0,,,,,0,https://bugs.eclipse.org/bugs/show_bug.cgi?id=366080,366080,expanding java editor that is not the currently selected editor causes screen painting issues
0,,0,,,,,0,https://bugs.eclipse.org/bugs/show_bug.cgi?id=368588,368588,[Workbench] Workbench window toolbar configuration always goes to right justification
0,,0,,,,,0,https://bugs.eclipse.org/bugs/show_bug.cgi?id=371586,371586,[Markers] Searching for markers: IllegalArgumentException: Comparison method violates its general contract!
0,,0,,,,,0,https://bugs.eclipse.org/bugs/show_bug.cgi?id=371665,371665,[CSS] Need a low colour or high contrast theme in 4.2
0,,0,,,,,0,https://bugs.eclipse.org/bugs/show_bug.cgi?id=372448,372448,[CSS] Colour mismatch in the workbench toolbar
0,,0,,,,,0,https://bugs.eclipse.org/bugs/show_bug.cgi?id=374051,374051,[JFace] SWTFocusBlockManager & FocusBlockHighlighter
0,,0,,,,,0,https://bugs.eclipse.org/bugs/show_bug.cgi?id=375401,375401,[Intro] Minimizing Welcome/Intro hides toolbars
0,,0,,,,,0,https://bugs.eclipse.org/bugs/show_bug.cgi?id=375734,375734,[Trim] make contributed trims moveable
0,,0,,,,,0,https://bugs.eclipse.org/bugs/show_bug.cgi?id=378591,378591,[Contributions] Popupmenu: hide menu item by evaluating outcome of @CanExecute-annotated method
0,,0,,,,,0,https://bugs.eclipse.org/bugs/show_bug.cgi?id=379557,379557,[Trim] [Min/Max] Maximize animations problematic on multi-monitor setups
0,,0,,,,,0,https://bugs.eclipse.org/bugs/show_bug.cgi?id=380233,380233,[Trim] Right-clicking on the tool bar to customize it no longer works
0,,0,,,,,0,https://bugs.eclipse.org/bugs/show_bug.cgi?id=382224,382224,[WorkbenchLauncher] Suggestion for an E4 Splash Screen Service
0,,0,,,,,0,https://bugs.eclipse.org/bugs/show_bug.cgi?id=383746,383746,[About] Splash - missing space / About window - missing slash
0,,0,,,,,0,https://bugs.eclipse.org/bugs/show_bug.cgi?id=383793,383793,"""Open Perspective"" button does not show a list of default perspectives"
0,,0,,,,,0,https://bugs.eclipse.org/bugs/show_bug.cgi?id=384548,384548,[Contributions] Two distinct break point view menus
0,,0,,,,,0,https://bugs.eclipse.org/bugs/show_bug.cgi?id=385367,385367,[Contributions] Toolbar items do not appear in expected location.
0,,0,,,,,0,https://bugs.eclipse.org/bugs/show_bug.cgi?id=387876,387876,[DND] Dragging tab to new folder should reselect the previous tab in older folder after drop
0,,0,,,,,0,https://bugs.eclipse.org/bugs/show_bug.cgi?id=388625,388625,[ViewMgmt] allow views to share space for a header and the toolbar
0,,0,,,,,0,https://bugs.eclipse.org/bugs/show_bug.cgi?id=390980,390980,[Contributions] Plug-in example for 'popupMenu' uses deprecated popupMenu extension
0,,0,,,,,0,https://bugs.eclipse.org/bugs/show_bug.cgi?id=392538,392538,[Trim] Placeholder & minimizing / maximizing error
0,,0,,,,,0,https://bugs.eclipse.org/bugs/show_bug.cgi?id=392690,392690,[Trim] [Min/Max] FastView toolbar shows wrong icon when junit run causes Console and Junit views to appear
0,,0,,,,,0,https://bugs.eclipse.org/bugs/show_bug.cgi?id=395329,395329,[CSS] Make the Drag and drop feedback color styleable through CSS
0,,0,,,,,0,https://bugs.eclipse.org/bugs/show_bug.cgi?id=398814,398814,[DND] [EditorMgmt] Moving an unfocused editor does not keep the previously focused editor visible
0,,0,,,,,0,https://bugs.eclipse.org/bugs/show_bug.cgi?id=403221,403221,[DetachedWindow] Eclipse secondary windows acts abnormally
0,,0,,,,,0,https://bugs.eclipse.org/bugs/show_bug.cgi?id=88382,88382,[DetachedViews] Placeholder lost when view detached
0,,0,,,,,0,https://bugs.eclipse.org/bugs/show_bug.cgi?id=367094,367094,[Compatibility] Programmatically created CommandContributionItems show wrong enablement state
0,,0,,,,,0,https://bugs.eclipse.org/bugs/show_bug.cgi?id=133407,133407,[KeyBindings] prefernece page: Allow to limit Scheme-Selection in Keys-Preferences to only one
0,,0,,,,,0,https://bugs.eclipse.org/bugs/show_bug.cgi?id=87012,87012,[Commands] performance: Handler change events fired unnecessarily
0,,0,,,,,0,https://bugs.eclipse.org/bugs/show_bug.cgi?id=304695,304695,[Commands] View toolbar actions displayed in wrong place
0,,0,,,,,0,https://bugs.eclipse.org/bugs/show_bug.cgi?id=90355,90355,[Contributions] [Coolbars] Investigate the performance of subactionbars
0,,0,,,,,0,https://bugs.eclipse.org/bugs/show_bug.cgi?id=296775,296775,[Contributions] Breakup the CPD class
0,,0,,,,,0,https://bugs.eclipse.org/bugs/show_bug.cgi?id=337665,337665,[Contributions] org.eclipse.ui.internal.PopupMenuExtender does not load all contributions after a registry modification
0,,0,,,,,0,https://bugs.eclipse.org/bugs/show_bug.cgi?id=417443,417443,[Contributions] Strange toolbar with no items in ViewPart (changes on resize)
0,,0,,,,,0,https://bugs.eclipse.org/bugs/show_bug.cgi?id=109978,109978,[Import/Export] wizard: names of import wizards
0,,0,,,,,0,https://bugs.eclipse.org/bugs/show_bug.cgi?id=161639,161639,[KeyBindings][Commands][Contexts] Context or command undefined error using Keys preference page
0,,0,,,,,0,https://bugs.eclipse.org/bugs/show_bug.cgi?id=36418,36418,[Markers] Please make extension point org.eclipse.ui.markerImageProviders public
0,,0,,,,,0,https://bugs.eclipse.org/bugs/show_bug.cgi?id=432832,432832,[Dialogs] Apply button position is inconsistent in the Debug Configurations and Project Properties dialogs
0,,0,,,,,0,https://bugs.eclipse.org/bugs/show_bug.cgi?id=430837,430837,[Viewers] Examples tree item in New -> Other dialog collapses right after expanding
